"Name","Market.Value","Rk","Age","Nation","Team","MP","Min","X90s","Starts","Subs","unSub","Gls","Ast","G.A","G.PK","PK","PKatt","PKm","Pos","X.9999"
"David Raya","€35.00m","563","27","es ESP","Arsenal","32","2880","32.0","32","0","3","0","0","0","0","0","0","0","GK","98ea5115"
"Aaron Ramsdale","€25.00m","558","25","eng ENG","Arsenal","6","540","6.0","6","0","31","0","0","0","0","0","0","0","GK","466fb2c5"
"Matt Turner","€7.00m","675","29","us USA","Nott'ham Forest","17","1530","17.0","17","0","20","0","0","0","0","0","0","0","GK","4a51ba65"
"William Saliba","€80.00m","595","22","fr FRA","Arsenal","38","3420","38.0","38","0","0","2","1","3","2","0","0","0","DF","972aeb2a"
"Gabriel Magalhães","€70.00m","408","25","br BRA","Arsenal","36","3044","33.8","34","2","2","4","0","4","4","0","0","0","DF","67ac5bb8"
"Jakub Kiwior","€30.00m","367","23","pl POL","Arsenal","20","946","10.5","11","9","18","1","3","4","1","0","0","0","DF","dc3e663e"
"Rob Holding","€5.00m","307","27","eng ENG","Crystal Palace","0","","","0","0","10","","","","","","","","DF","d79a8c87"
"Oleksandr Zinchenko","€38.00m","732","26","ua UKR","Arsenal","27","1722","19.1","20","7","5","1","2","3","1","0","0","0","DF","51cf8561"
"Ben White","€55.00m","709","25","eng ENG","Arsenal","37","2988","33.2","35","2","0","4","4","8","4","0","0","0","DF","35e413f1"
"Takehiro Tomiyasu","€35.00m","657","24","jp JPN","Arsenal","22","1149","12.8","10","12","1","2","1","3","2","0","0","0","DF","b3af9be1"
"Reuell Walters","€4.00m","696","18","eng ENG","Arsenal","0","","","0","0","8","","","","","","","","DF","501ac0cc"
"Cédric Soares","€2.00m","630","31","pt POR","Arsenal","3","62","0.7","0","3","15","0","0","0","0","0","0","0","DF","839c14e1"
"James Sweet","€250k","643","19","wls WAL","Arsenal","0","","","0","0","1","","","","","","","","DF","d4632cfa"
"Declan Rice","€120.00m","572","24","eng ENG","Arsenal","38","3225","35.8","37","1","0","7","8","15","7","0","0","0","MF","1c7012b8"
"Thomas Partey","€18.00m","532","30","gh GHA","Arsenal","14","788","8.8","9","5","3","0","0","0","0","0","0","0","MFDF","529f49ab"
"Jorginho","€12.00m","344","31","it ITA","Arsenal","24","921","10.2","10","14","13","0","2","2","0","0","0","0","MF","45db685d"
"Mohamed Elneny","€3.50m","213","31","eg EGY","Arsenal","3","28","0.3","0","3","13","0","0","0","0","0","0","0","MF","47a34c4f"
"Myles Lewis-Skelly","€2.00m","393","16","eng ENG","Arsenal","0","","","0","0","1","","","","","","","","MF","5dff6c28"
"Bradley Ibrahim","€400k","319","18","eng ENG","Arsenal","0","","","0","0","1","","","","","","","","MF","aaab4602"
"Albert Sambi Lokonga","€15.00m","596","23","be BEL","Luton Town","17","1303","14.5","16","1","0","1","3","4","1","0","0","0","MF","1b4f1169"
"Mauro Bandeira","€200k","54","19","pt POR","Arsenal","0","","","0","0","2","","","","","","","","MF","9b67eca8"
"Martin Ødegaard","€110.00m","526","24","no NOR","Arsenal","35","3091","34.3","35","0","1","8","10","18","6","2","2","0","MF","79300479"
"Emile Smith Rowe","€22.00m","629","23","eng ENG","Arsenal","13","353","3.9","3","10","18","0","1","1","0","0","0","0","MF","17695062"
"Ethan Nwaneri","€8.00m","492","16","eng ENG","Arsenal","1","14","0.2","0","1","1","0","0","0","0","0","0","0","FW","7f94982c"
"Gabriel Martinelli","€70.00m","420","22","br BRA","Arsenal","35","2019","22.4","24","11","0","6","4","10","6","0","0","0","FW","48a5a5d6"
"Leandro Trossard","€35.00m","672","28","be BEL","Arsenal","34","1649","18.3","18","16","3","12","1","13","12","0","0","0","FWMF","38ceb24a"
"Charles Sagoe Jr","€600k","592","19","eng ENG","Arsenal","0","","","0","0","1","","","","","","","","FW","187ab096"
"Bukayo Saka","€140.00m","593","21","eng ENG","Arsenal","35","2919","32.4","35","0","0","16","9","25","10","6","6","0","FW","bc7dc64d"
"Reiss Nelson","€15.00m","480","23","eng ENG","Arsenal","15","268","3.0","1","14","15","0","0","0","0","0","0","0","FW","c5bdb6e3"
"Kai Havertz","€70.00m","293","24","de GER","Arsenal","37","2634","29.3","30","7","0","13","7","20","12","1","1","0","MFFW","fed7cb61"
"Gabriel Jesus","€65.00m","333","26","br BRA","Arsenal","27","1478","16.4","17","10","3","4","5","9","4","0","0","0","FW","b66315ae"
"Eddie Nketiah","€30.00m","485","24","eng ENG","Arsenal","27","1082","12.0","10","17","11","5","2","7","5","0","0","0","FW","a53649b7"
"Emiliano Martínez","€28.00m","421","30","ar ARG","Aston Villa","34","3015","33.5","34","0","0","0","0","0","0","0","0","0","GK","7956236f"
"Joe Gauci","€1.50m","251","23","au AUS","Aston Villa","0","","","0","0","5","","","","","","","","GK","5600c774"
"Robin Olsen","€1.50m","509","33","se SWE","Aston Villa","5","405","4.5","4","1","26","0","0","0","0","0","0","0","GK","e7ee38c3"
"Oliwier Zych","€800k","734","19","pl POL","Aston Villa","0","","","0","0","1","","","","","","","","GK","be18d79f"
"Sam Proctor","€250k","553","16","eng ENG","Aston Villa","0","","","0","0","3","","","","","","","","GK","b96cec48"
"James Wright","€200k","724","18","eng ENG","Aston Villa","0","","","0","0","3","","","","","","","","GK","9417a430"
"Lander Emery","-","215","20","eng ENG","Aston Villa","0","","","0","0","1","","","","","","","","GK","b5f7fd45"
"Pau Torres","€45.00m","661","26","es ESP","Aston Villa","29","2464","27.4","27","2","5","2","0","2","2","0","0","0","DF","532e1e4f"
"Ezri Konsa","€35.00m","371","25","eng ENG","Aston Villa","35","3069","34.1","35","0","0","1","0","1","1","0","0","0","DF","0313a347"
"Diego Carlos","€16.00m","115","30","br BRA","Aston Villa","27","1816","20.2","20","7","5","0","0","0","0","0","0","0","DF","b4a014b1"
"Tyrone Mings","€13.00m","453","30","eng ENG","Aston Villa","1","30","0.3","1","0","0","0","0","0","0","0","0","0","DF","8397a50c"
"Clément Lenglet","€10.00m","388","28","fr FRA","Aston Villa","14","1153","12.8","14","0","20","0","1","1","0","0","0","0","DF","4f28a6ff"
"Calum Chambers","€4.00m","126","28","eng ENG","Aston Villa","5","152","1.7","1","4","26","0","1","1","0","0","0","0","MFDF","dc6f5bdd"
"Finley Munroe","€100k","471","18","eng ENG","Aston Villa","1","4","0.0","0","1","2","0","0","0","0","0","0","0","MF","36625c27"
"Álex Moreno","€13.00m","462","30","es ESP","Aston Villa","21","1031","11.5","11","10","4","2","0","2","2","0","0","0","DF","16e9d0ea"
"Lucas Digne","€12.00m","183","30","fr FRA","Aston Villa","33","2410","26.8","27","6","0","1","3","4","1","0","0","0","DF","1b84dbe1"
"Matty Cash","€28.00m","121","25","pl POL","Aston Villa","29","2142","23.8","23","6","2","2","2","4","2","0","0","0","DF","2389cdc2"
"Kaine Kesler-Hayden","€2.20m","362","20","eng ENG","Aston Villa","3","6","0.1","0","3","14","0","0","0","0","0","0","0","MFDF","9b066938"
"Boubacar Kamara","€38.00m","351","23","fr FRA","Aston Villa","20","1652","18.4","20","0","0","0","1","1","0","0","0","0","MF","cc77354e"
"Leander Dendoncker","€7.00m","175","28","be BEL","Aston Villa","8","119","1.3","1","7","10","1","0","1","1","0","0","0","MF","5a7301ae"
"Douglas Luiz","€70.00m","401","25","br BRA","Aston Villa","35","2993","33.3","35","0","0","9","5","14","5","4","4","0","MF","6f7d826d"
"John McGinn","€30.00m","440","28","sct SCO","Aston Villa","35","2999","33.3","35","0","0","6","4","10","6","0","0","0","MFFW","90f91999"
"Youri Tielemans","€25.00m","654","26","be BEL","Aston Villa","32","1622","18.0","17","15","0","2","6","8","2","0","0","0","MFFW","56f7a928"
"Tim Iroegbunam","€4.00m","322","20","eng ENG","Aston Villa","9","164","1.8","1","8","16","0","0","0","0","0","0","0","MF","84c5ceea"
"Jacob Ramsey","€35.00m","560","22","eng ENG","Aston Villa","16","853","9.5","8","8","0","1","1","2","1","0","0","0","FWMF","1544f145"
"Nicolò Zaniolo","€20.00m","730","24","it ITA","Aston Villa","25","839","9.3","9","16","5","2","0","2","2","0","0","0","FWMF","9907b1c8"
"Morgan Rogers","€15.00m","586","21","eng ENG","Aston Villa","11","638","7.1","8","3","3","3","1","4","3","0","0","0","MFFW","2e5915f1"
"Philippe Coutinho","€7.50m","149","31","br BRA","Aston Villa","2","25","0.3","0","2","0","0","0","0","0","0","0","0","MFFW","0ef89a37"
"Omari Kellyman","€1.00m","360","17","eng ENG","Aston Villa","2","37","0.4","0","2","10","0","0","0","0","0","0","0","FW","aa888da7"
"Tommi O'Reilly","€200k","496","19","eng ENG","Aston Villa","0","","","0","0","1","","","","","","","","MF","345fc437"
"Kadan Young","-","728","17","eng ENG","Aston Villa","0","","","0","0","1","","","","","","","","MF","91c75917"
"Moussa Diaby","€55.00m","176","24","fr FRA","Aston Villa","38","2174","24.2","25","13","0","6","8","14","6","0","0","0","FWMF","aeed5c06"
"Leon Bailey","€42.00m","48","25","jm JAM","Aston Villa","35","2068","23.0","22","13","1","10","9","19","10","0","0","0","MFFW","3a233281"
"Bertrand Traoré","€9.00m","666","27","bf BFA","Aston Villa","2","11","0.1","0","2","6","0","0","0","0","0","0","0","DFFW","c47541e0"
"Ollie Watkins","€65.00m","702","27","eng ENG","Aston Villa","37","3217","35.7","37","0","0","19","13","32","19","0","0","0","FW","aed3a70f"
"Jhon Durán","€20.00m","202","19","co COL","Aston Villa","23","475","5.3","3","20","5","5","0","5","5","0","0","0","FWMF","414184f7"
"Cameron Archer","€13.00m","38","22","eng ENG","2 Teams","30","1838","20.4","21","9","1","4","1","5","4","0","0","0","FWMF","05e8ca6d"
"Mark Travers","€3.50m","668","24","ie IRL","Bournemouth","4","360","4.0","4","0","25","0","0","0","0","0","0","0","GK","fe558029"
"Neto","€2.50m","482","34","br BRA","Bournemouth","32","2880","32.0","32","0","4","0","0","0","0","0","0","0","GK","a9dc785c"
"Darren Randolph","€300k","561","36","ie IRL","Bournemouth","0","","","0","0","1","","","","","","","","GK","6385ebfb"
"Marcos Senesi","€22.00m","618","26","ar ARG","Bournemouth","31","2242","24.9","26","5","1","4","5","9","4","0","0","0","DF","35141f4c"
"Lloyd Kelly","€18.00m","359","24","eng ENG","Bournemouth","23","1559","17.3","17","6","0","0","1","1","0","0","0","0","DF","f31def1e"
"Chris Mepham","€6.00m","449","25","wls WAL","Bournemouth","10","617","6.9","6","4","14","0","1","1","0","0","0","0","DF","fed96827"
"James Hill","€2.00m","304","21","eng ENG","Bournemouth","5","76","0.8","1","4","10","0","0","0","0","0","0","0","DF","69942fb3"
"Milos Kerkez","€20.00m","361","19","hu HUN","Bournemouth","28","1970","21.9","22","6","3","0","1","1","0","0","0","0","DF","0ad53bdc"
"Ben Greenwood","-","274","20","ie IRL","Bournemouth","0","","","0","0","4","","","","","","","","DF","7eda24fe"
"Max Aarons","€16.00m","1","23","eng ENG","Bournemouth","20","1237","13.7","13","7","5","0","1","1","0","0","0","0","DF","774cf58b"
"Adam Smith","€1.00m","628","32","eng ENG","Bournemouth","28","2150","23.9","25","3","6","0","2","2","0","0","0","0","DF","20b104bc"
"Tyler Adams","€15.00m","3","24","us USA","Bournemouth","3","121","1.3","1","2","2","0","0","0","0","0","0","0","MF","2b09d998"
"Philip Billing","€22.00m","81","27","dk DEN","Bournemouth","29","1398","15.5","13","16","4","2","2","4","2","0","0","0","MF","d328a254"
"Alex Scott","€20.00m","613","19","eng ENG","Bournemouth","23","1014","11.3","11","12","2","1","1","2","1","0","0","0","MF","104d0bb8"
"Lewis Cook","€12.00m","145","26","eng ENG","Bournemouth","33","2786","31.0","32","1","0","0","3","3","0","0","0","0","MF","2afc7272"
"Ryan Christie","€12.00m","136","28","sct SCO","Bournemouth","37","2907","32.3","35","2","0","0","5","5","0","0","0","0","MF","26ce2263"
"Joe Rothwell","€2.50m","588","28","eng ENG","Bournemouth","11","386","4.3","3","8","8","0","0","0","0","0","0","0","MF","10a10454"
"Gavin Kilkenny","€300k","363","23","ie IRL","Bournemouth","0","","","0","0","7","","","","","","","","MF","3eeda7dd"
"Romain Faivre","€15.00m","225","25","fr FRA","Bournemouth","5","41","0.5","0","5","8","0","0","0","0","0","0","0","MFFW","745ca0a3"
"Marcus Tavernier","€20.00m","650","24","eng ENG","Bournemouth","30","2118","23.5","25","5","0","3","4","7","3","0","0","0","FW","5c0da4a4"
"Emiliano Marcondes","€1.50m","415","28","dk DEN","Bournemouth","0","","","0","0","1","","","","","","","","FWMF","4d960fc3"
"Dango Ouattara","€20.00m","524","21","bf BFA","Bournemouth","30","1229","13.7","12","18","2","1","2","3","1","0","0","0","FWDF","2f9e4435"
"Luis Sinisterra","€17.00m","626","24","co COL","Bournemouth","20","699","7.8","7","13","4","2","2","4","2","0","0","0","FWMF","8e16dd48"
"Justin Kluivert","€14.00m","368","24","nl NED","Bournemouth","32","1916","21.3","26","6","6","7","1","8","7","0","0","0","MFFW","4c3a6744"
"Jaidon Anthony","€6.00m","34","23","eng ENG","Bournemouth","3","152","1.7","2","1","0","0","0","0","0","0","0","0","FW","e4238fb1"
"Antoine Semenyo","€10.00m","617","23","gh GHA","Bournemouth","33","2105","23.4","25","8","3","8","2","10","8","0","0","0","FW","efd2ec23"
"David Brooks","€8.00m","98","26","wls WAL","Bournemouth","13","282","3.1","2","11","7","1","1","2","1","0","0","0","FWMF","dc4cae05"
"Dominic Sadi","€100k","591","19","eng ENG","Bournemouth","1","1","0.0","0","1","4","0","0","0","0","0","0","0","FW","54778940"
"Dominic Solanke","€40.00m","631","25","eng ENG","Bournemouth","38","3325","36.9","37","1","0","19","3","22","17","2","3","1","FW","e77dc3b2"
"Enes Ünal","€18.00m","680","26","tr TUR","Bournemouth","16","328","3.6","2","14","0","2","2","4","2","0","0","0","FWMF","f8eca1b6"
"Kieffer Moore","€2.00m","459","30","wls WAL","Bournemouth","8","108","1.2","0","8","8","1","0","1","1","0","0","0","FWMF","01ce9e70"
"Mark Flekken","€12.00m","232","30","nl NED","Brentford","37","3285","36.5","37","0","0","0","1","1","0","0","0","0","GK","a92ab7be"
"Thomas Strakosha","€3.00m","639","28","al ALB","Brentford","2","135","1.5","1","1","32","0","0","0","0","0","0","0","GK","339fe0e8"
"Hákon Rafn Valdimarsson","€2.50m","556","21","is ISL","Brentford","0","","","0","0","4","","","","","","","","GK","57a34cf4"
"Ellery Balcombe","€300k","50","23","eng ENG","Brentford","0","","","0","0","3","","","","","","","","GK","e827567f"
"Vincent Angelini","€100k","33","19","sct SCO","Brentford","0","","","0","0","2","","","","","","","","GK","536e58cc"
"Nathan Collins","€25.00m","142","22","ie IRL","Brentford","32","2652","29.5","29","3","1","1","1","2","1","0","0","0","DF","a8c19eb8"
"Kristoffer Ajer","€15.00m","16","25","no NOR","Brentford","28","1832","20.4","21","7","1","2","1","3","2","0","0","0","DF","a8c0acb7"
"Ethan Pinnock","€12.00m","547","30","jm JAM","Brentford","29","2521","28.0","28","1","0","2","0","2","2","0","0","0","DF","e541326e"
"Ben Mee","€1.00m","445","33","eng ENG","Brentford","16","1272","14.1","15","1","2","2","0","2","2","0","0","0","DF","8df7a2fb"
"Charlie Goode","€500k","266","27","eng ENG","Brentford","0","","","0","0","5","","","","","","","","DF","7aee4dd3"
"Benjamin Arthur","€250k","40","17","eng ENG","Brentford","0","","","0","0","1","","","","","","","","DF","093f0923"
"Benjamin Fredrick","€150k","243","18","ng NGA","Brentford","0","","","0","0","2","","","","","","","","DF","fde367e5"
"Rico Henry","€20.00m","300","26","eng ENG","Brentford","5","401","4.5","5","0","0","0","1","1","0","0","0","0","DF","8a3c1dc7"
"Sergio Reguilón","€12.00m","568","26","es ESP","2 Teams","25","1530","17.0","18","7","5","0","4","4","0","0","0","0","DF","3353737a"
"Val Adedokun","€150k","7","20","ie IRL","Brentford","0","","","0","0","5","","","","","","","","FW","1b5344ef"
"Aaron Hickey","€28.00m","303","21","sct SCO","Brentford","9","713","7.9","9","0","0","0","0","0","0","0","0","0","DF","1780bb4a"
"Mads Roerslev","€10.00m","585","24","dk DEN","Brentford","34","1985","22.1","22","12","3","1","2","3","1","0","0","0","DF","57c94db2"
"Vitaly Janelt","€22.00m","330","25","de GER","Brentford","38","3054","33.9","37","1","0","1","3","4","1","0","0","0","MFDF","8449d35e"
"Christian Nørgaard","€18.00m","489","29","dk DEN","Brentford","31","2505","27.8","30","1","0","2","1","3","2","0","0","0","MF","df0a4c90"
"Yunus Emre Konak","€3.50m","216","17","tr TUR","Brentford","0","","","0","0","1","","","","","","","","MF","e02b5b36"
"Mathias Jensen","€28.00m","332","27","dk DEN","Brentford","32","2204","24.5","27","5","0","3","3","6","3","0","0","0","MF","0f134faf"
"Josh Dasilva","€10.00m","166","24","eng ENG","Brentford","3","24","0.3","0","3","1","0","0","0","0","0","0","0","DFFW","60344e4f"
"Frank Onyeka","€9.00m","516","25","ng NGA","Brentford","26","1161","12.9","11","15","4","1","2","3","1","0","0","0","MF","2944f86f"
"Shandon Baptiste","€2.50m","55","25","gd GRN","Brentford","10","229","2.5","2","8","11","1","1","2","1","0","0","0","MF","2886c9b5"
"Ethan Brierley","€300k","94","19","eng ENG","Brentford","0","","","0","0","13","","","","","","","","MF","c2c5ecda"
"Ryan Trevitt","€275k","670","20","eng ENG","Brentford","0","","","0","0","2","","","","","","","","MF","732327ae"
"Saman Ghoddos","€2.00m","253","29","ir IRN","Brentford","19","739","8.2","7","12","13","1","0","1","1","0","0","0","DF","f7b1d4e0"
"Myles Peart-Harris","€700k","534","20","eng ENG","Brentford","3","13","0.1","0","3","6","0","0","0","0","0","0","0","DFMF","ea1a5662"
"Kevin Schade","€22.00m","610","21","de GER","Brentford","11","333","3.7","3","8","0","2","1","3","2","0","0","0","FWMF","52afb588"
"Keane Lewis-Potter","€15.00m","392","22","eng ENG","Brentford","30","1441","16.0","15","15","3","3","1","4","3","0","0","0","FWDF","41f08ac8"
"Mikkel Damsgaard","€10.00m","162","23","dk DEN","Brentford","23","842","9.4","7","16","3","0","2","2","0","0","0","0","MF","215f3907"
"Bryan Mbeumo","€40.00m","434","23","cm CMR","Brentford","25","1960","21.8","22","3","0","9","6","15","6","3","3","0","FW","6afaebf2"
"Michael Olakigbe","€600k","507","19","eng ENG","Brentford","8","59","0.7","0","8","9","0","0","0","0","0","0","0","DFFW","cdd70dc0"
"Ivan Toney","€50.00m","660","27","eng ENG","Brentford","17","1450","16.1","16","1","1","4","2","6","4","0","0","0","FW","e09f279b"
"Yoane Wissa","€28.00m","719","26","cd COD","Brentford","34","2493","27.7","29","5","0","12","3","15","12","0","0","0","FW","2500cef9"
"Neal Maupay","€12.00m","431","26","fr FRA","2 Teams","31","1432","15.9","14","17","3","6","3","9","6","0","0","0","FW","4bcf39f6"
"Bart Verbruggen","€18.00m","686","20","nl NED","Brighton","21","1890","21.0","21","0","17","0","0","0","0","0","0","0","GK","cf134113"
"Jason Steele","€3.50m","636","32","eng ENG","Brighton","17","1530","17.0","17","0","21","0","0","0","0","0","0","0","GK","28300a16"
"Adam Webster","€20.00m","703","28","eng ENG","Brighton","15","1144","12.7","13","2","12","0","0","0","0","0","0","0","DF","c40b6180"
"Jan Paul van Hecke","€18.00m","296","23","nl NED","Brighton","28","2369","26.3","26","2","4","0","0","0","0","0","0","0","DF","4fd08daa"
"Igor","€17.00m","320","25","br BRA","Brighton","24","1637","18.2","17","7","10","0","0","0","0","0","0","0","DF","a4e85758"
"Lewis Dunk","€12.00m","201","31","eng ENG","Brighton","33","2869","31.9","33","0","0","3","1","4","3","0","0","0","DF","282f75f3"
"Ben Jackson","€200k","325","19","eng ENG","Brighton","0","","","0","0","1","","","","","","","","DF","0cd9c796"
"Leigh Kavanagh","€200k","355","19","ie IRL","Brighton","0","","","0","0","4","","","","","","","","DF","e16986b1"
"Pervis Estupiñán","€30.00m","221","25","ec ECU","Brighton","19","1243","13.8","15","4","1","2","3","5","2","0","0","0","DF","d38fdf53"
"Valentín Barco","€13.00m","56","19","ar ARG","Brighton","6","307","3.4","3","3","4","0","0","0","0","0","0","0","DFFW","b9f282ec"
"Imari Samuels","€100k","597","20","eng ENG","Brighton","0","","","0","0","1","","","","","","","","DF","8218e831"
"Tariq Lamptey","€12.00m","381","22","gh GHA","Brighton","19","914","10.2","10","9","0","0","3","3","0","0","0","0","DFFW","f4e433d4"
"Joël Veltman","€10.00m","684","31","nl NED","Brighton","27","1588","17.6","17","10","2","1","1","2","1","0","0","0","DF","dad4b285"
"Odeluga Offiah","€300k","500","20","eng ENG","Brighton","4","128","1.4","1","3","4","0","0","0","0","0","0","0","DF","65c3efa2"
"Carlos Baleba","€22.00m","52","19","cm CMR","Brighton","27","1325","14.7","15","12","7","0","0","0","0","0","0","0","MF","a1390d2f"
"Billy Gilmour","€18.00m","258","22","sct SCO","Brighton","30","2120","23.6","24","6","1","0","1","1","0","0","0","0","MF","df10e27c"
"Jack Hinshelwood","€16.00m","305","18","eng ENG","Brighton","12","869","9.7","8","4","4","3","0","3","3","0","0","0","DF","e98211e7"
"Jakub Moder","€10.00m","457","24","pl POL","Brighton","17","618","6.9","6","11","10","0","0","0","0","0","0","0","MFDF","f230bc30"
"Pascal Groß","€8.00m","276","32","de GER","Brighton","36","3114","34.6","34","2","0","4","10","14","3","1","1","0","MFDF","8aec0537"
"Mahmoud Dahoud","€6.00m","159","27","de GER","Brighton","9","452","5.0","6","3","8","0","1","1","0","0","0","0","MF","db4ed67b"
"Steven Alzate","€4.00m","25","24","co COL","Brighton","0","","","0","0","1","","","","","","","","MF","ad1f61f3"
"James Milner","€1.00m","452","37","eng ENG","Brighton","15","773","8.6","11","4","2","0","2","2","0","0","0","0","DFMF","2f90f6b8"
"Samy Chouchane","€250k","135","19","tn TUN","Brighton","0","","","0","0","1","","","","","","","","MF","6c1ebbc8"
"Julio Enciso","€22.00m","217","19","py PAR","Brighton","12","475","5.3","5","7","1","0","2","2","0","0","0","0","MFFW","9cfbad36"
"Facundo Buonanotte","€18.00m","104","18","ar ARG","Brighton","27","1364","15.2","17","10","6","3","1","4","3","0","0","0","FWMF","468a7a91"
"Adam Lallana","€1.00m","380","35","eng ENG","Brighton","25","850","9.4","13","12","8","0","1","1","0","0","0","0","MFFW","99813635"
"Josh Duffus","€500k","199","18","eng ENG","Brighton","0","","","0","0","1","","","","","","","","MF","6224214f"
"Cameron Peupion","€100k","541","20","au AUS","Brighton","0","","","0","0","6","","","","","","","","MF","0bdeb013"
"Kaoru Mitoma","€45.00m","455","26","jp JPN","Brighton","19","1486","16.5","15","4","0","3","4","7","3","0","0","0","FW","74618572"
"Ansu Fati","€25.00m","226","20","es ESP","Brighton","19","521","5.8","3","16","5","2","0","2","2","0","0","0","MFFW","0ba976e4"
"Luca Barrington","€150k","60","18","eng ENG","Brighton","0","","","0","0","2","","","","","","","","MF","85d7679f"
"Simon Adingra","€30.00m","8","21","ci CIV","Brighton","31","2222","24.7","25","6","1","6","1","7","6","0","0","0","FW","4dcec659"
"Solly March","€18.00m","414","29","eng ENG","Brighton","7","554","6.2","7","0","1","3","1","4","3","0","0","0","FWDF","bb5fbd2b"
"Evan Ferguson","€50.00m","228","18","ie IRL","Brighton","27","1367","15.2","15","12","1","6","0","6","6","0","0","0","FW","4596da74"
"João Pedro","€45.00m","336","21","br BRA","Brighton","31","2045","22.7","19","12","0","9","3","12","5","4","5","1","FWMF","e8832875"
"Danny Welbeck","€5.00m","704","32","eng ENG","Brighton","29","1693","18.8","21","8","1","5","1","6","5","0","0","0","FWMF","ce5143da"
"Mark O'Mahony","€300k","495","18","ie IRL","Brighton","3","63","0.7","1","2","8","0","0","0","0","0","0","0","FW","a3afdd69"
"Robert Sánchez","€20.00m","600","25","es ESP","Chelsea","16","1433","15.9","16","0","2","0","0","0","0","0","0","0","GK","6a713852"
"Marcus Bettinelli","€1.00m","79","31","eng ENG","Chelsea","0","","0.0","0","0","17","0","0","0","0","0","0","0","GK","0d85a4e8"
"Lucas Bergström","€700k","76","20","fi FIN","Chelsea","0","","","0","0","15","","","","","","","","GK","b59c2a92"
"Eddie Beach","€250k","64","19","wls WAL","Chelsea","0","","","0","0","2","","","","","","","","GK","7cbd6d68"
"Ted Curd","€150k","156","17","eng ENG","Chelsea","0","","","0","0","1","","","","","","","","GK","d9bd6f58"
"Levi Colwill","€50.00m","144","20","eng ENG","Chelsea","23","1797","20.0","20","3","4","1","1","2","1","0","0","0","DF","700783e7"
"Axel Disasi","€40.00m","185","25","fr FRA","Chelsea","31","2579","28.7","29","2","4","2","0","2","2","0","0","0","DF","ad82197c"
"Benoît Badiashile","€30.00m","47","22","fr FRA","Chelsea","18","1338","14.9","15","3","7","0","1","1","0","0","0","0","DF","06df8256"
"Trevoh Chalobah","€13.00m","125","24","eng ENG","Chelsea","13","952","10.6","10","3","1","1","0","1","1","0","0","0","DF","5515376c"
"Alfie Gilchrist","€5.00m","256","19","eng ENG","Chelsea","11","207","2.3","2","9","14","1","0","1","1","0","0","0","DF","d91f104d"
"Bashir Humphreys","€4.80m","317","20","eng ENG","Chelsea","0","","","0","0","2","","","","","","","","DF","d2b32e91"
"Thiago Silva","€1.00m","625","38","br BRA","Chelsea","31","2527","28.1","28","3","5","3","1","4","3","0","0","0","DF","86e7deaf"
"Ian Maatsen","€40.00m","404","21","nl NED","Chelsea","12","209","2.3","1","11","8","0","0","0","0","0","0","0","FWMF","cab9634e"
"Ben Chilwell","€28.00m","131","26","eng ENG","Chelsea","13","756","8.4","9","4","1","0","1","1","0","0","0","0","DF","d2424d1b"
"Marc Cucurella","€25.00m","153","25","es ESP","Chelsea","21","1782","19.8","20","1","6","0","2","2","0","0","0","0","DF","1daec722"
"Diego Moreira","€3.00m","461","18","pt POR","Chelsea","0","","","0","0","1","","","","","","","","MF","12de1b0d"
"Ishé Samuels-Smith","€500k","598","17","eng ENG","Chelsea","0","","","0","0","1","","","","","","","","DF","da95fde0"
"Zak Sturge","€250k","640","19","eng ENG","Chelsea","0","","","0","0","1","","","","","","","","DF","1095aec1"
"Reece James","€40.00m","329","23","eng ENG","Chelsea","10","419","4.7","5","5","0","0","2","2","0","0","0","0","DF","1265a93a"
"Malo Gusto","€35.00m","279","20","fr FRA","Chelsea","27","1751","19.5","19","8","1","0","6","6","0","0","0","0","DF","d56b9520"
"Moisés Caicedo","€75.00m","109","21","ec ECU","Chelsea","35","2866","31.8","33","2","0","1","3","4","1","0","0","0","MF","16264a81"
"Roméo Lavia","€35.00m","385","19","be BEL","Chelsea","1","33","0.4","0","1","1","0","0","0","0","0","0","0","MF","ecad9aa5"
"Lesley Ugochukwu","€25.00m","677","19","fr FRA","Chelsea","12","301","3.3","3","9","5","0","0","0","0","0","0","0","MF","1df4a109"
"Ollie Harrison","€300k","291","15","eng ENG","Chelsea","0","","","0","0","1","","","","","","","","MF","6ce635b6"
"Enzo Fernández","€75.00m","230","22","ar ARG","Chelsea","28","2209","24.5","26","2","0","3","2","5","2","1","2","1","MF","5ff4ab71"
"Conor Gallagher","€50.00m","246","23","eng ENG","Chelsea","37","3128","34.8","37","0","0","5","7","12","5","0","0","0","MF","c2731c10"
"Andrey Santos","€15.00m","604","19","br BRA","2 Teams","1","8","0.1","0","1","6","0","0","0","0","0","0","0","MF","dd745366"
"Carney Chukwuemeka","€15.00m","137","19","eng ENG","Chelsea","9","227","2.5","2","7","4","1","1","2","1","0","0","0","MFFW","b2f9c73e"
"Cesare Casadei","€10.00m","118","20","it ITA","Chelsea","11","79","0.9","0","11","6","0","0","0","0","0","0","0","FWMF","fb920f3a"
"Alex Matos","€1.20m","429","18","eng ENG","Chelsea","1","1","0.0","0","1","12","0","0","0","0","0","0","0","MF","ed383e43"
"Jimi Tauriainen","€200k","648","19","eng ENG","Chelsea","1","1","0.0","0","1","4","0","0","0","0","0","0","0","FW","cac9e583"
"Kiano Dyer","-","203","16","eng ENG","Chelsea","0","","","0","0","4","","","","","","","","MF","b43204f6"
"Cole Palmer","€80.00m","528","21","eng ENG","2 Teams","34","2618","29.1","29","5","2","22","11","33","13","9","9","0","FWMF","dc7f8a28"
"Christopher Nkunku","€65.00m","486","25","fr FRA","Chelsea","11","443","4.9","2","9","1","3","0","3","3","0","0","0","FWMF","7c56da38"
"Leo Castledine","€900k","123","17","eng ENG","Chelsea","0","","","0","0","4","","","","","","","","MF","1c86192d"
"Raheem Sterling","€35.00m","637","28","eng ENG","Chelsea","31","1978","22.0","22","9","3","8","4","12","8","0","0","0","FWMF","b400bde0"
"Tyrique George","-","252","17","eng ENG","Chelsea","0","","","0","0","3","","","","","","","","FW","e6f7797e"
"Noni Madueke","€28.00m","407","21","eng ENG","Chelsea","23","1053","11.7","13","10","10","5","2","7","4","1","1","0","FW","bf34eebd"
"Nicolas Jackson","€35.00m","327","22","sn SEN","Chelsea","35","2799","31.1","31","4","0","14","5","19","14","0","0","0","FW","9c36ed83"
"Armando Broja","€22.00m","95","21","al ALB","2 Teams","21","542","6.0","6","15","5","1","1","2","1","0","0","0","FW","97220da2"
"David Datro Fofana","€12.00m","167","20","ci CIV","Burnley","15","879","9.8","10","5","1","4","1","5","4","0","0","0","FW","e82900ef"
"Deivid Washington","€9.00m","701","18","br BRA","Chelsea","2","13","0.1","0","2","17","0","0","0","0","0","0","0","DFFW","95bd120d"
"Mason Burstow","€1.80m","107","19","eng ENG","Chelsea","2","9","0.1","0","2","1","0","0","0","0","0","0","0","FW","dab84ad2"
"Ronnie Stutter","€200k","641","18","eng ENG","Chelsea","0","","","0","0","1","","","","","","","","FW","e3f9e68a"
"Dean Henderson","€12.00m","298","26","eng ENG","2 Teams","18","1620","18.0","18","0","10","0","0","0","0","0","0","0","GK","e5a76dfe"
"Sam Johnstone","€10.00m","342","30","eng ENG","Crystal Palace","20","1796","20.0","20","0","4","0","0","0","0","0","0","0","GK","9e5708be"
"Remi Matthews","€500k","430","29","eng ENG","Crystal Palace","1","4","0.0","0","1","28","0","0","0","0","0","0","0","GK","27f4f772"
"Marc Guéhi","€38.00m","277","23","eng ENG","Crystal Palace","25","2021","22.5","23","2","0","0","1","1","0","0","0","0","DF","d0706b27"
"Joachim Andersen","€35.00m","31","27","dk DEN","Crystal Palace","38","3415","37.9","38","0","0","2","3","5","2","0","0","0","DF","e34fc66d"
"Chris Richards","€12.00m","573","23","us USA","Crystal Palace","26","2094","23.3","23","3","9","1","1","2","1","0","0","0","DFMF","0a3d6d2b"
"Rob Holding","€5.00m","307","27","eng ENG","Crystal Palace","0","","","0","0","10","","","","","","","","DF","d79a8c87"
"James Tomkins","€700k","658","34","eng ENG","Crystal Palace","4","10","0.1","0","4","24","0","0","0","0","0","0","0","DF","e7ca0439"
"Tyrick Mitchell","€25.00m","454","23","eng ENG","Crystal Palace","37","3204","35.6","37","0","0","2","3","5","2","0","0","0","DFMF","5cbd1eb0"
"Tayo Adaramola","€800k","5","19","ie IRL","Crystal Palace","0","","","0","0","2","","","","","","","","DF","c150b220"
"Daniel Muñoz","€18.00m","470","27","co COL","Crystal Palace","16","1439","16.0","16","0","0","0","4","4","0","0","0","0","DFMF","778ef829"
"Nathaniel Clyne","€1.50m","140","32","eng ENG","Crystal Palace","19","1338","14.9","14","5","18","0","0","0","0","0","0","0","DF","0442183b"
"Joel Ward","€1.00m","698","33","eng ENG","Crystal Palace","26","1980","22.0","23","3","5","0","1","1","0","0","0","0","DF","8a7ff278"
"Cheick Doucouré","€35.00m","194","23","ml MLI","Crystal Palace","11","919","10.2","11","0","1","0","0","0","0","0","0","0","MF","ce4f40c7"
"Adam Wharton","€30.00m","707","19","eng ENG","Crystal Palace","16","1297","14.4","15","1","0","0","3","3","0","0","0","0","MF","4b542852"
"Jefferson Lerma","€20.00m","390","28","co COL","Crystal Palace","28","2400","26.7","27","1","0","1","1","2","1","0","0","0","MFDF","9b5ce51a"
"David Ozoh","€700k","525","18","eng ENG","Crystal Palace","9","156","1.7","0","9","15","0","0","0","0","0","0","0","MFDF","d00d45ab"
"Kaden Rodney","€200k","582","18","eng ENG","Crystal Palace","0","","","0","0","2","","","","","","","","DF","49375cdd"
"Will Hughes","€9.00m","315","28","eng ENG","Crystal Palace","30","1891","21.0","23","7","1","0","1","1","0","0","0","0","MF","a0666d3e"
"Naouirou Ahamada","€8.00m","12","21","fr FRA","Crystal Palace","20","349","3.9","0","20","14","0","0","0","0","0","0","0","MFFW","a6c58494"
"Jeffrey Schlupp","€7.00m","612","30","gh GHA","Crystal Palace","29","1352","15.0","17","12","3","2","2","4","2","0","0","0","FWMF","3312f911"
"John-Kymani Gordon","€200k","268","20","eng ENG","Crystal Palace","0","","","0","0","3","","","","","","","","FWMF","d7e24aa1"
"Eberechi Eze","€55.00m","223","25","eng ENG","Crystal Palace","27","2055","22.8","24","3","0","11","4","15","10","1","1","0","MFFW","ae4fc6a4"
"Matheus França","€15.00m","239","19","br BRA","Crystal Palace","10","232","2.6","1","9","9","0","1","1","0","0","0","0","MFFW","077faf72"
"Jadan Raymond","€200k","564","19","wls WAL","Crystal Palace","0","","","0","0","2","","","","","","","","MF","9ad8d732"
"Michael Olise","€55.00m","508","21","fr FRA","Crystal Palace","19","1275","14.2","14","5","0","10","6","16","9","1","1","0","FWMF","c4486bac"
"Malcolm Ebiowei","€1.50m","205","19","eng ENG","Crystal Palace","0","","","0","0","10","","","","","","","","MF","fa9fa773"
"Franco Umeh-Chibueze","€75k","679","18","ie IRL","Crystal Palace","0","","","0","0","5","","","","","","","","MF","8e526344"
"Roshaun Mathurin","-","427","19","eng ENG","Crystal Palace","0","","","0","0","2","","","","","","","","FW","c036048e"
"Jean-Philippe Mateta","€20.00m","426","26","fr FRA","Crystal Palace","35","2282","25.4","25","10","2","16","5","21","14","2","2","0","FW","50e6dc35"
"Jordan Ayew","€4.00m","46","31","gh GHA","Crystal Palace","35","2543","28.3","30","5","1","4","7","11","4","0","0","0","FWMF","da052c14"
"Luke Plange","€800k","549","20","eng ENG","Crystal Palace","0","","","0","0","3","","","","","","","","FW","2140e999"
"Ademola Ola-Adebomi","€250k","506","19","eng ENG","Crystal Palace","0","","","0","0","3","","","","","","","","FW","efacf4fd"
"Jordan Pickford","€22.00m","545","29","eng ENG","Everton","38","3420","38.0","38","0","0","0","0","0","0","0","0","0","GK","4806ec67"
"João Virgínia","€800k","691","23","pt POR","Everton","0","","","0","0","38","","","","","","","","GK","728e9b2e"
"Andy Lonergan","€100k","398","39","ie IRL","Everton","0","","","0","0","10","","","","","","","","GK","165cf989"
"Jarrad Branthwaite","€42.00m","91","21","eng ENG","Everton","35","3116","34.6","35","0","2","3","0","3","3","0","0","0","DF","c1949191"
"James Tarkowski","€13.00m","647","30","eng ENG","Everton","38","3419","38.0","38","0","0","1","1","2","1","0","0","0","DF","15ea812b"
"Ben Godfrey","€10.00m","259","25","eng ENG","Everton","15","1120","12.4","13","2","23","0","0","0","0","0","0","0","DF","9f7c837d"
"Michael Keane","€6.00m","356","30","eng ENG","Everton","9","439","4.9","4","5","26","1","0","1","1","0","0","0","DF","c5b7c315"
"Mason Holgate","€5.00m","308","26","eng ENG","Sheffield Utd","10","710","7.9","9","1","2","0","0","0","0","0","0","0","DF","d0042ab9"
"Elijah Campbell","-","113","18","eng ENG","Everton","0","","","0","0","1","","","","","","","","DF","48ba3f58"
"Vitaliy Mykolenko","€28.00m","476","24","ua UKR","Everton","28","2469","27.4","28","0","4","2","0","2","2","0","0","0","DF","30d4a2e5"
"Ashley Young","€500k","727","38","eng ENG","Everton","31","2280","25.3","27","4","1","0","0","0","0","0","0","0","DFMF","be927d03"
"Nathan Patterson","€15.00m","533","21","sct SCO","Everton","20","1005","11.2","9","11","12","0","2","2","0","0","0","0","DF","230f0471"
"Séamus Coleman","€500k","141","34","ie IRL","Everton","12","665","7.4","7","5","6","0","0","0","0","0","0","0","DF","0420d84f"
"Amadou Onana","€50.00m","511","21","be BEL","Everton","30","2091","23.2","23","7","1","2","0","2","2","0","0","0","MF","828657ff"
"James Garner","€22.00m","250","22","eng ENG","Everton","37","3004","33.4","34","3","0","1","2","3","1","0","0","0","MF","4e015693"
"Abdoulaye Doucouré","€10.00m","193","30","ml MLI","Everton","32","2629","29.2","32","0","0","7","1","8","7","0","0","0","FWMF","02b29014"
"André Gomes","€10.00m","260","30","pt POR","Everton","12","508","5.6","3","9","4","1","0","1","1","0","0","0","MFFW","1961b2aa"
"Lewis Warrington","€500k","700","20","eng ENG","Everton","1","1","0.0","0","1","7","0","0","0","0","0","0","0","FW","8e633970"
"Tyler Onyango","€500k","514","20","eng ENG","Everton","1","1","0.0","0","1","4","0","0","0","0","0","0","0","MF","d86a1f3e"
"Jenson Metcalfe","€150k","450","18","eng ENG","Everton","0","","","0","0","4","","","","","","","","MF","5c2595e2"
"Alex Iwobi","€25.00m","324","27","ng NGA","2 Teams","32","2332","25.9","27","5","0","5","2","7","5","0","0","0","MF","6ca5ec4b"
"Dwight McNeil","€22.00m","443","23","eng ENG","Everton","35","2892","32.1","33","2","0","3","6","9","3","0","0","0","MFFW","fc15fb84"
"Arnaut Danjuma","€13.00m","164","26","nl NED","Everton","14","595","6.6","5","9","14","1","0","1","1","0","0","0","MFFW","f08490a6"
"Lewis Dobbin","€2.50m","187","20","eng ENG","Everton","12","232","2.6","1","11","16","1","0","1","1","0","0","0","MF","e814e1cf"
"Jack Harrison","€18.00m","290","26","eng ENG","Everton","29","2214","24.6","25","4","1","3","3","6","3","0","0","0","MFFW","aa849a12"
"Dominic Calvert-Lewin","€22.00m","111","26","eng ENG","Everton","32","2171","24.1","26","6","0","7","2","9","5","2","2","0","FW","59e6e5bf"
"Beto","€20.00m","78","25","gw GNB","Everton","30","951","10.6","9","21","2","3","0","3","3","0","1","1","FW","ed5c0319"
"Neal Maupay","€12.00m","431","26","fr FRA","2 Teams","31","1432","15.9","14","17","3","6","3","9","6","0","0","0","FW","4bcf39f6"
"Bernd Leno","€13.00m","389","31","de GER","Fulham","38","3420","38.0","38","0","0","0","0","0","0","0","0","0","GK","2628fd2b"
"Marek Rodák","€3.00m","581","26","sk SVK","Fulham","0","","0.0","0","0","37","0","0","0","0","0","0","0","GK","17acc2ed"
"Tosin Adarabioyo","€20.00m","4","25","eng ENG","Fulham","20","1617","18.0","18","2","2","2","0","2","2","0","0","0","DF","c81d773d"
"Issa Diop","€20.00m","184","26","fr FRA","Fulham","18","1424","15.8","16","2","3","0","0","0","0","0","0","0","DF","a712ca2b"
"Calvin Bassey","€16.00m","62","23","ng NGA","Fulham","29","2303","25.6","25","4","4","1","0","1","1","0","0","0","DF","a36524bf"
"Tim Ream","€800k","565","35","us USA","Fulham","18","1503","16.7","17","1","13","1","0","1","1","0","0","0","DF","28b40c9c"
"Luc De Fougerolles","€300k","173","17","ca CAN","Fulham","0","","","0","0","5","","","","","","","","DF","45c427ff"
"Antonee Robinson","€25.00m","579","25","us USA","Fulham","37","3265","36.3","37","0","0","0","6","6","0","0","0","0","DF","289601e6"
"Fodé Ballo-Touré","€3.00m","53","26","sn SEN","Fulham","6","71","0.8","0","6","16","0","0","0","0","0","0","0","DFMF","f449640d"
"Timothy Castagne","€17.00m","122","27","be BEL","Fulham","34","2634","29.3","29","5","1","1","3","4","1","0","0","0","DF","197640fd"
"Kenny Tete","€15.00m","652","27","nl NED","Fulham","14","867","9.6","10","4","14","1","0","1","1","0","0","0","DF","77d7c96f"
"Kevin Mbabu","€4.00m","433","28","ch SUI","Fulham","0","","","0","0","3","","","","","","","","DFMF","493924a7"
"Devan Tanton","€250k","645","19","co COL","Fulham","0","","","0","0","1","","","","","","","","DF","3c256bb1"
"João Palhinha","€55.00m","527","28","pt POR","Fulham","33","2699","30.0","31","2","0","4","1","5","4","0","0","0","MF","a78ff07f"
"Harrison Reed","€15.00m","567","28","eng ENG","Fulham","27","1325","14.7","15","12","10","0","2","2","0","0","0","0","MF","803ae100"
"Saša Lukić","€10.00m","403","26","rs SRB","Fulham","24","1122","12.5","13","11","9","1","0","1","1","0","0","0","MF","c6e8cf1f"
"Tom Cairney","€2.00m","110","32","sct SCO","Fulham","34","1488","16.5","14","20","4","1","4","5","1","0","0","0","MF","a8748947"
"Tyrese Francois","€600k","241","23","au AUS","Fulham","0","","","0","0","5","","","","","","","","MF","6722d4f0"
"Matt Dibley-Dias","€500k","181","19","nz NZL","Fulham","0","","","0","0","1","","","","","","","","MF","979cb300"
"Joshua King","€200k","365","16","eng ENG","Fulham","0","","","0","0","2","","","","","","","","MF","86109b3b"
"Andreas Pereira","€20.00m","537","27","br BRA","Fulham","37","2613","29.0","34","3","1","3","7","10","3","0","0","0","MF","6639e500"
"Luke Harris","€1.00m","288","18","wls WAL","Fulham","1","75","0.8","0","1","4","0","0","0","0","0","0","0","MF","8c3078cd"
"Kristian Sekularac","€200k","614","19","ch SUI","Fulham","0","","","0","0","2","","","","","","","","MF","e20a28ce"
"Alex Iwobi","€25.00m","324","27","ng NGA","2 Teams","32","2332","25.9","27","5","0","5","2","7","5","0","0","0","MF","6ca5ec4b"
"Willian","€3.00m","715","34","br BRA","Fulham","31","2053","22.8","24","7","2","4","2","6","2","2","2","0","FW","8b9ebd03"
"Harry Wilson","€17.00m","718","26","wls WAL","Fulham","35","1620","18.0","16","19","1","4","6","10","4","0","0","0","FW","c6dc9ecd"
"Adama Traoré","€9.00m","664","27","es ESP","Fulham","17","377","4.2","1","16","2","2","3","5","2","0","0","0","FWMF","9a28eba4"
"Aleksandar Mitrović","€28.00m","456","28","rs SRB","Fulham","1","33","0.4","0","1","0","0","0","0","0","0","0","0","FW","3925dbd6"
"Armando Broja","€22.00m","95","21","al ALB","2 Teams","21","542","6.0","6","15","5","1","1","2","1","0","0","0","FW","97220da2"
"Rodrigo Muniz","€20.00m","469","22","br BRA","Fulham","26","1593","17.7","18","8","7","9","1","10","9","0","0","0","FW","a755db8c"
"Raúl Jiménez","€5.00m","334","32","mx MEX","Fulham","24","1395","15.5","18","6","5","7","0","7","7","0","0","0","FW","b561db50"
"Carlos Vinícius","€4.00m","690","28","br BRA","Fulham","13","315","3.5","2","11","7","2","0","2","2","0","0","0","FW","8b529245"
"Jay Stansfield","€3.50m","635","20","eng ENG","Fulham","0","","","0","0","1","","","","","","","","FWMF","b2626673"
"Alisson","€28.00m","21","30","br BRA","Liverpool","28","2520","28.0","28","0","0","0","0","0","0","0","0","0","GK","7a2e46a8"
"Caoimhín Kelleher","€20.00m","358","24","ie IRL","Liverpool","10","900","10.0","10","0","27","0","0","0","0","0","0","0","GK","62d7ef38"
"Adrián","€600k","9","36","es ESP","Liverpool","0","","","0","0","15","","","","","","","","GK","f76e6b4e"
"Marcelo Pitaluga","€300k","548","20","br BRA","Liverpool","0","","","0","0","1","","","","","","","","GK","b3cafda8"
"Fabian Mrozek","€200k","466","19","pl POL","Liverpool","0","","","0","0","1","","","","","","","","GK","927eecf9"
"Ibrahima Konaté","€45.00m","370","24","fr FRA","Liverpool","22","1574","17.5","17","5","11","0","0","0","0","0","0","0","DF","5ed9b537"
"Virgil van Dijk","€30.00m","681","32","nl NED","Liverpool","36","3177","35.3","36","0","0","2","2","4","2","0","0","0","DF","e06683ca"
"Joe Gomez","€28.00m","263","26","eng ENG","Liverpool","32","1786","19.8","17","15","4","0","1","1","0","0","0","0","DF","7a11550b"
"Jarell Quansah","€22.00m","554","20","eng ENG","Liverpool","17","1190","13.2","13","4","17","2","0","2","2","0","0","0","DF","4125cb98"
"Luke Chambers","€1.50m","127","19","eng ENG","Liverpool","0","","","0","0","4","","","","","","","","DF","7d6af698"
"Amara Nallo","€200k","478","16","eng ENG","Liverpool","0","","","0","0","1","","","","","","","","DF","398a24f6"
"Andrew Robertson","€30.00m","578","29","sct SCO","Liverpool","23","1693","18.8","18","5","0","3","2","5","3","0","0","0","DF","2e4f5f03"
"Owen Beck","€1.25m","65","20","wls WAL","Liverpool","1","8","0.1","0","1","0","0","0","0","0","0","0","0","DF","a011a1e9"
"Calum Scanlon","€700k","607","18","eng ENG","Liverpool","0","","","0","0","2","","","","","","","","MF","37739c71"
"Trent Alexander-Arnold","€70.00m","20","24","eng ENG","Liverpool","28","2155","23.9","25","3","0","3","4","7","3","0","0","0","DF","cd1acf9d"
"Conor Bradley","€15.00m","90","20","nir NIR","Liverpool","11","753","8.4","10","1","8","1","3","4","1","0","0","0","DF","bbd67769"
"Wataru Endo","€13.00m","218","30","jp JPN","Liverpool","29","1722","19.1","20","9","4","1","0","1","1","0","0","0","MF","c149016b"
"Stefan Bajcetic","€11.00m","49","18","es ESP","Liverpool","1","26","0.3","0","1","6","0","0","0","0","0","0","0","MF","32e8417f"
"Alexis Mac Allister","€75.00m","405","24","ar ARG","Liverpool","33","2599","28.9","31","2","0","5","5","10","4","1","1","0","MF","83d074ff"
"Curtis Jones","€35.00m","343","22","eng ENG","Liverpool","23","1167","13.0","14","9","4","1","1","2","1","0","0","0","MF","4fb9c88f"
"Harvey Elliott","€35.00m","212","20","eng ENG","Liverpool","34","1352","15.0","11","23","4","3","6","9","3","0","0","0","MFFW","b9e1436c"
"Ryan Gravenberch","€35.00m","271","21","nl NED","Liverpool","26","1121","12.5","12","14","5","1","0","1","1","0","0","0","MF","b8e740fb"
"Thiago Alcántara","€10.00m","19","32","es ESP","Liverpool","1","6","0.1","0","1","0","0","0","0","0","0","0","0","MF","77e84962"
"Bobby Clark","€1.00m","138","18","eng ENG","Liverpool","5","89","1.0","1","4","6","0","0","0","0","0","0","0","MF","73341ace"
"James McConnell","€500k","438","18","eng ENG","Liverpool","3","4","0.0","0","3","15","0","0","0","0","0","0","0","MF","bf973eeb"
"Trey Nyoni","€500k","493","16","eng ENG","Liverpool","0","","","0","0","2","","","","","","","","MF","1d3b3d77"
"Dominik Szoboszlai","€75.00m","644","22","hu HUN","Liverpool","33","2104","23.4","25","8","0","3","2","5","3","0","0","0","MF","934e1968"
"Luis Díaz","€75.00m","180","26","co COL","Liverpool","37","2629","29.2","32","5","0","8","5","13","8","0","0","0","FW","4a1a9578"
"Cody Gakpo","€50.00m","245","24","nl NED","Liverpool","35","1649","18.3","17","18","0","8","5","13","8","0","0","0","FWMF","1971591f"
"Lewis Koumas","€1.00m","372","17","wls WAL","Liverpool","0","","","0","0","3","","","","","","","","MF","d77edba6"
"Mohamed Salah","€55.00m","594","31","eg EGY","Liverpool","32","2534","28.2","28","4","0","18","10","28","13","5","7","2","FW","e342ad68"
"Ben Doak","€10.00m","186","17","sct SCO","Liverpool","1","14","0.2","0","1","8","0","0","0","0","0","0","0","FW","733f1a7d"
"Kaide Gordon","€1.20m","269","18","eng ENG","Liverpool","1","1","0.0","0","1","1","0","0","0","0","0","0","0","FW","19a9cb70"
"Darwin Núñez","€70.00m","491","24","uy URU","Liverpool","36","2047","22.7","22","14","1","11","8","19","11","0","1","1","FW","4d77b365"
"Diogo Jota","€50.00m","345","26","pt POR","Liverpool","21","1145","12.7","14","7","1","10","3","13","10","0","0","0","FW","178ae8f8"
"Jayden Danns","€1.00m","165","17","eng ENG","Liverpool","2","9","0.1","0","2","4","0","0","0","0","0","0","0","FW","003cf4d1"
"Ederson","€35.00m","206","29","br BRA","Manchester City","33","2785","30.9","33","0","2","0","0","0","0","0","0","0","GK","3bb7b8b4"
"Stefan Ortega","€9.00m","519","30","de GER","Manchester City","9","635","7.1","5","4","29","0","0","0","0","0","0","0","GK","c1242d4e"
"Scott Carson","€200k","117","37","eng ENG","Manchester City","0","","","0","0","13","","","","","","","","GK","3e1550ee"
"Rúben Dias","€80.00m","179","26","pt POR","Manchester City","30","2559","28.4","28","2","5","0","0","0","0","0","0","0","DF","31c69ef1"
"Manuel Akanji","€45.00m","17","28","ch SUI","Manchester City","30","2511","27.9","28","2","4","2","0","2","2","0","0","0","DFMF","89ac64a6"
"Nathan Aké","€40.00m","18","28","nl NED","Manchester City","29","2042","22.7","24","5","6","2","2","4","2","0","0","0","DF","eaeca114"
"John Stones","€38.00m","638","29","eng ENG","Manchester City","16","1064","11.8","12","4","11","1","0","1","1","0","0","0","DFMF","5eecec3d"
"Aymeric Laporte","€20.00m","382","29","es ESP","Manchester City","1","12","0.1","0","1","0","0","0","0","0","0","0","0","DF","119b9a8e"
"Rico Lewis","€38.00m","391","18","eng ENG","Manchester City","16","809","9.0","8","8","22","2","0","2","2","0","0","0","DFMF","b57e066e"
"Kyle Walker","€13.00m","695","33","eng ENG","Manchester City","32","2767","30.7","30","2","3","0","4","4","0","0","0","0","DF","86dd77d1"
"Issa Kaboré","€10.00m","349","22","bf BFA","Luton Town","24","1729","19.2","21","3","4","0","2","2","0","0","0","0","DF","c066d1a5"
"Rodri","€120.00m","583","27","es ESP","Manchester City","34","2931","32.6","34","0","1","8","9","17","8","0","0","0","MF","6434f10d"
"Kalvin Phillips","€25.00m","543","27","eng ENG","2 Teams","12","402","4.5","3","9","20","0","0","0","0","0","0","0","MF","4f565d77"
"Máximo Perrone","€9.00m","539","20","ar ARG","Manchester City","0","","","0","0","1","","","","","","","","MF","53552942"
"Mahamadou Susoho","€1.50m","642","18","es ESP","Manchester City","0","","","0","0","6","","","","","","","","DF","6cdd9d3d"
"Jacob Wright","€800k","723","17","eng ENG","Manchester City","0","","","0","0","1","","","","","","","","MF","b6db05c3"
"Matheus Nunes","€50.00m","490","24","pt POR","2 Teams","19","840","9.3","9","10","16","0","2","2","0","0","0","0","MF","e6af02e0"
"Cole Palmer","€80.00m","528","21","eng ENG","2 Teams","34","2618","29.1","29","5","2","22","11","33","13","9","9","0","FWMF","dc7f8a28"
"Bernardo Silva","€70.00m","623","28","pt POR","Manchester City","33","2578","28.6","29","4","2","6","9","15","6","0","0","0","MFFW","3eb22ec9"
"Kevin De Bruyne","€50.00m","172","32","be BEL","Manchester City","18","1221","13.6","15","3","3","4","10","14","4","0","0","0","MF","e46012d4"
"Jack Grealish","€60.00m","273","27","eng ENG","Manchester City","20","1009","11.2","10","10","9","3","1","4","3","0","0","0","FWMF","b0b4fd3e"
"Micah Hamilton","€2.00m","286","19","eng ENG","Manchester City","0","","","0","0","2","","","","","","","","MF","0b059e15"
"Phil Foden","€150.00m","233","23","eng ENG","Manchester City","35","2857","31.7","33","2","2","19","8","27","19","0","0","0","FWMF","ed1e53f3"
"Oscar Bobb","€25.00m","85","20","no NOR","Manchester City","14","302","3.4","2","12","21","1","1","2","1","0","0","0","FWMF","eed2427e"
"Sergio Gómez","€10.00m","264","22","es ESP","Manchester City","6","53","0.6","0","6","26","0","1","1","0","0","0","0","FWMF","01e5f06e"
"Erling Haaland","€180.00m","281","23","no NOR","Manchester City","31","2552","28.4","29","2","1","27","5","32","20","7","8","1","FW","1f44ac21"
"André Onana","€35.00m","512","27","cm CMR","Manchester Utd","38","3420","38.0","38","0","0","0","0","0","0","0","0","0","GK","e9c0c1b2"
"Dean Henderson","€12.00m","298","26","eng ENG","2 Teams","18","1620","18.0","18","0","10","0","0","0","0","0","0","0","GK","e5a76dfe"
"Altay Bayındır","€10.00m","63","25","tr TUR","Manchester Utd","0","","","0","0","33","","","","","","","","GK","072e68ed"
"Radek Vítek","€300k","692","19","","Manchester Utd","0","","","0","0","1","","","","","","","","GK","d617bff6"
"Tom Heaton","€250k","295","37","eng ENG","Manchester Utd","0","","","0","0","4","","","","","","","","GK","a6de6361"
"Dermot Mee","€200k","446","20","nir NIR","Manchester Utd","0","","","0","0","1","","","","","","","","GK","caa32820"
"Lisandro Martínez","€45.00m","422","25","ar ARG","Manchester Utd","11","646","7.2","8","3","0","0","1","1","0","0","0","0","DF","bac46a10"
"Raphaël Varane","€20.00m","682","30","fr FRA","Manchester Utd","22","1375","15.3","16","6","4","1","0","1","1","0","0","0","DF","9f8e9423"
"Harry Maguire","€18.00m","409","30","eng ENG","Manchester Utd","22","1653","18.4","18","4","3","2","2","4","2","0","0","0","DF","d8931174"
"Victor Lindelöf","€15.00m","394","29","se SWE","Manchester Utd","19","1328","14.8","14","5","2","1","1","2","1","0","0","0","DF","f5deef4c"
"Willy Kambwala","€5.00m","352","18","fr FRA","Manchester Utd","8","330","3.7","3","5","8","0","0","0","0","0","0","0","DF","6a7353d7"
"Jonny Evans","€2.00m","222","35","nir NIR","Manchester Utd","23","1392","15.5","15","8","3","0","1","1","0","0","0","0","DF","f8fcd2a5"
"Rhys Bennett","-","70","19","eng ENG","Manchester Utd","0","","","0","0","1","","","","","","","","DF","e4588897"
"Louis Jackson","-","326","17","sct SCO","Manchester Utd","0","","","0","0","3","","","","","","","","DF","06a441c4"
"Luke Shaw","€32.00m","621","28","eng ENG","Manchester Utd","12","959","10.7","12","0","0","0","0","0","0","0","0","0","DF","9c94165b"
"Sergio Reguilón","€12.00m","568","26","es ESP","2 Teams","25","1530","17.0","18","7","5","0","4","4","0","0","0","0","DF","3353737a"
"Álvaro Carreras","€7.00m","116","20","es ESP","Manchester Utd","0","","","0","0","1","","","","","","","","DFMF","33a68b9b"
"Harry Amass","-","26","16","eng ENG","Manchester Utd","0","","","0","0","6","","","","","","","","DF","7b47100c"
"Diogo Dalot","€35.00m","161","24","pt POR","Manchester Utd","36","3174","35.3","35","1","1","2","3","5","2","0","0","0","DF","d9565625"
"Aaron Wan-Bissaka","€20.00m","697","25","eng ENG","Manchester Utd","22","1780","19.8","20","2","3","0","2","2","0","0","0","0","DF","9e525177"
"Habeeb Ogunneye","€200k","503","18","eng ENG","Manchester Utd","0","","","0","0","7","","","","","","","","DF","d0cdc0a3"
"Sofyan Amrabat","€22.00m","29","26","ma MAR","Manchester Utd","21","938","10.4","10","11","8","0","0","0","0","0","0","0","MFDF","5a2cb25d"
"Casemiro","€20.00m","119","31","br BRA","Manchester Utd","25","1982","22.0","24","1","1","1","2","3","1","0","0","0","MFDF","4d224fe8"
"Toby Collyer","€200k","143","19","eng ENG","Manchester Utd","0","","","0","0","7","","","","","","","","MF","4f9091bc"
"Kobbie Mainoo","€50.00m","410","18","eng ENG","Manchester Utd","24","1924","21.4","24","0","5","3","1","4","3","0","0","0","MF","c6220452"
"Scott McTominay","€32.00m","444","26","sct SCO","Manchester Utd","32","1901","21.1","18","14","2","7","1","8","7","0","0","0","MFFW","d93c2511"
"Christian Eriksen","€8.00m","219","31","dk DEN","Manchester Utd","22","1141","12.7","12","10","11","1","2","3","1","0","0","0","MF","980522ec"
"Donny van de Beek","€5.00m","66","26","nl NED","Manchester Utd","1","3","0.0","0","1","11","0","0","0","0","0","0","0","DF","50dc94ce"
"Daniel Gore","€900k","270","18","eng ENG","Manchester Utd","1","1","0.0","0","1","6","0","0","0","0","0","0","0","MF","861e9b3b"
"Bruno Fernandes","€70.00m","229","28","pt POR","Manchester Utd","35","3118","34.6","35","0","0","10","8","18","6","4","5","1","MFFW","507c7bdf"
"Mason Mount","€35.00m","465","24","eng ENG","Manchester Utd","14","516","5.7","5","9","0","1","0","1","1","0","0","0","MFFW","9674002f"
"Marcus Rashford","€60.00m","562","25","eng ENG","Manchester Utd","33","2271","25.2","26","7","0","7","2","9","5","2","2","0","FW","a1d5bd30"
"Alejandro Garnacho","€45.00m","249","19","ar ARG","Manchester Utd","36","2565","28.5","30","6","2","7","4","11","7","0","0","0","FW","7aa8adfe"
"Jadon Sancho","€30.00m","601","23","eng ENG","Manchester Utd","3","79","0.9","0","3","0","0","0","0","0","0","0","0","FWMF","dbf053da"
"Antony","€25.00m","36","23","br BRA","Manchester Utd","29","1324","14.7","15","14","4","1","1","2","1","0","0","0","FW","99127249"
"Amad Diallo","€18.00m","177","21","ci CIV","Manchester Utd","9","390","4.3","3","6","8","1","1","2","1","0","0","0","FWMF","9dc96f10"
"Facundo Pellistri","€8.00m","536","21","uy URU","Manchester Utd","9","172","1.9","1","8","11","0","1","1","0","0","0","0","FWMF","ac7e7b1c"
"Omari Forson","€2.00m","236","19","eng ENG","Manchester Utd","4","70","0.8","1","3","9","0","1","1","0","0","0","0","FW","1b9728b0"
"Rasmus Højlund","€65.00m","312","20","dk DEN","Manchester Utd","30","2158","24.0","25","5","0","10","2","12","10","0","0","0","FW","491a433d"
"Anthony Martial","€10.00m","419","27","fr FRA","Manchester Utd","13","448","5.0","5","8","3","1","0","1","1","0","0","0","FW","8b788c01"
"Joe Hugill","€200k","316","19","eng ENG","Manchester Utd","0","","","0","0","1","","","","","","","","FW","49134eb2"
"Ethan Wheatley","-","708","17","eng ENG","Manchester Utd","3","16","0.2","0","3","2","0","0","0","0","0","0","0","FW","5c368c88"
"Nick Pope","€16.00m","550","31","eng ENG","Newcastle Utd","15","1345","14.9","15","0","3","0","0","0","0","0","0","0","GK","4b40d9ca"
"Martin Dúbravka","€1.00m","198","34","sk SVK","Newcastle Utd","23","1985","22.1","22","1","14","0","0","0","0","0","0","0","GK","3a949a25"
"Loris Karius","€1.00m","354","30","de GER","Newcastle Utd","1","90","1.0","1","0","21","0","0","0","0","0","0","0","GK","32e7ce92"
"Mark Gillespie","€300k","257","31","eng ENG","Newcastle Utd","0","","","0","0","12","","","","","","","","GK","e32958b7"
"Sven Botman","€45.00m","88","23","nl NED","Newcastle Utd","17","1377","15.3","15","2","0","2","2","4","2","0","0","0","DF","ccce7025"
"Fabian Schär","€10.00m","611","31","ch SUI","Newcastle Utd","36","3054","33.9","35","1","0","4","1","5","4","0","0","0","DF","c8aa95da"
"Dan Burn","€8.00m","106","31","eng ENG","Newcastle Utd","33","2726","30.3","32","1","0","2","2","4","2","0","0","0","DF","b2d31e83"
"Jamaal Lascelles","€7.00m","384","29","eng ENG","Newcastle Utd","16","1080","12.0","13","3","10","1","0","1","1","0","0","0","DF","450ab6fc"
"Lewis Hall","€18.00m","283","18","eng ENG","Newcastle Utd","18","781","8.7","8","10","15","1","0","1","1","0","0","0","DF","da011f18"
"Matt Targett","€10.00m","646","27","eng ENG","Newcastle Utd","3","78","0.9","1","2","8","0","0","0","0","0","0","0","DF","e514ab62"
"Paul Dummett","€900k","200","31","wls WAL","Newcastle Utd","5","20","0.2","0","5","24","0","0","0","0","0","0","0","DF","3fe6bd8c"
"Alex Murphy","€250k","474","19","ie IRL","Newcastle Utd","2","13","0.1","0","2","17","0","0","0","0","0","0","0","DFFW","f1c42eb3"
"Kieran Trippier","€10.00m","671","32","eng ENG","Newcastle Utd","28","2236","24.8","26","2","0","1","10","11","1","0","0","0","DF","21512407"
"Emil Krafth","€2.50m","375","28","se SWE","Newcastle Utd","17","913","10.1","8","9","11","0","0","0","0","0","0","0","DF","77cf6852"
"Javier Manquillo","€1.80m","412","29","es ESP","Newcastle Utd","0","","","0","0","1","","","","","","","","DF","758dd7f0"
"Bruno Guimarães","€85.00m","278","25","br BRA","Newcastle Utd","37","3263","36.3","37","0","0","7","8","15","7","0","0","0","MF","82518f62"
"Joelinton","€40.00m","337","26","br BRA","Newcastle Utd","20","1279","14.2","15","5","0","2","1","3","2","0","0","0","MFFW","c17bfb65"
"Sandro Tonali","€38.00m","659","23","it ITA","Newcastle Utd","8","438","4.9","5","3","1","1","0","1","1","0","0","0","MF","0db169ae"
"Joe Willock","€30.00m","716","23","eng ENG","Newcastle Utd","9","419","4.7","5","4","0","1","0","1","1","0","0","0","MF","a3b03921"
"Sean Longstaff","€25.00m","399","25","eng ENG","Newcastle Utd","35","2747","30.5","30","5","0","6","2","8","6","0","0","0","MF","a2b105e0"
"Lewis Miley","€22.00m","451","17","eng ENG","Newcastle Utd","17","1202","13.4","14","3","1","1","3","4","1","0","0","0","MF","2c6835e5"
"Elliot Anderson","€15.00m","32","20","eng ENG","Newcastle Utd","21","1027","11.4","10","11","0","0","2","2","0","0","0","0","MFFW","de31038e"
"Matt Ritchie","€1.00m","576","33","sct SCO","Newcastle Utd","13","128","1.4","0","13","18","1","0","1","1","0","0","0","FWMF","71ef519e"
"Joe White","€300k","710","20","eng ENG","Newcastle Utd","4","13","0.1","0","4","10","0","0","0","0","0","0","0","MF","d60c03a9"
"Anthony Gordon","€60.00m","267","22","eng ENG","Newcastle Utd","35","2890","32.1","34","1","0","11","10","21","10","1","1","0","FW","2bd83368"
"Harvey Barnes","€35.00m","58","25","eng ENG","Newcastle Utd","21","802","8.9","7","14","0","5","3","8","5","0","0","0","FWMF","3ea50f67"
"Amadou Diallo","€400k","178","20","eng ENG","Newcastle Utd","1","1","0.0","0","1","5","0","0","0","0","0","0","0","MF","e31708b2"
"Miguel Almirón","€20.00m","22","29","py PAR","Newcastle Utd","33","1937","21.5","23","10","0","3","1","4","3","0","0","0","FW","862a1c15"
"Jacob Murphy","€15.00m","475","28","eng ENG","Newcastle Utd","21","1189","13.2","14","7","5","3","7","10","3","0","0","0","FWDF","de112b84"
"Ben Parkinson","€250k","531","18","eng ENG","Newcastle Utd","1","25","0.3","0","1","8","0","0","0","0","0","0","0","FW","32163807"
"Alexander Isak","€75.00m","323","23","se SWE","Newcastle Utd","30","2255","25.1","27","3","1","21","2","23","16","5","6","1","FW","8e92be30"
"Callum Wilson","€13.00m","717","31","eng ENG","Newcastle Utd","20","991","11.0","9","11","0","9","1","10","7","2","2","0","FW","c596fcb0"
"Michael Ndiweni","-","479","19","eng ENG","Newcastle Utd","1","1","0.0","0","1","0","0","0","0","0","0","0","0","FW","8aff2b51"
"Matt Turner","€7.00m","675","29","us USA","Nott'ham Forest","17","1530","17.0","17","0","20","0","0","0","0","0","0","0","GK","4a51ba65"
"Matz Sels","€7.00m","615","31","be BEL","Nott'ham Forest","16","1440","16.0","16","0","0","0","0","0","0","0","0","0","GK","834b5c4c"
"Ethan Horvath","€1.80m","310","28","us USA","Nott'ham Forest","0","","","0","0","4","","","","","","","","GK","3f65d5ce"
"Wayne Hennessey","€250k","299","36","wls WAL","Nott'ham Forest","0","","","0","0","1","","","","","","","","GK","76eca7e2"
"Murillo","€35.00m","473","21","br BRA","Nott'ham Forest","32","2789","31.0","32","0","0","0","2","2","0","0","0","0","DF","1704b0b8"
"Andrew Omobamidele","€11.00m","510","21","ie IRL","Nott'ham Forest","11","783","8.7","8","3","8","0","0","0","0","0","0","0","DF","c393a6c4"
"Scott McKenna","€9.00m","442","26","sct SCO","Nott'ham Forest","5","416","4.6","5","0","1","0","0","0","0","0","0","0","DF","4e5a4cbc"
"Joe Worrall","€7.50m","722","26","eng ENG","Nott'ham Forest","7","439","4.9","5","2","7","0","0","0","0","0","0","0","DF","a5212312"
"Willy Boly","€2.50m","87","32","ci CIV","Nott'ham Forest","20","1438","16.0","18","2","3","2","1","3","2","0","0","0","DF","a4ac4b8f"
"Felipe","€1.50m","227","34","br BRA","Nott'ham Forest","7","375","4.2","4","3","5","0","0","0","0","0","0","0","DF","51a3c4c8"
"Nuno Tavares","€15.00m","649","23","pt POR","Nott'ham Forest","8","457","5.1","5","3","5","0","0","0","0","0","0","0","DF","a65c844b"
"Harry Toffolo","€5.00m","656","27","eng ENG","Nott'ham Forest","23","1459","16.2","15","8","9","1","3","4","1","0","0","0","DF","a105d46a"
"Neco Williams","€17.00m","714","22","wls WAL","Nott'ham Forest","26","1637","18.2","18","8","5","0","1","1","0","0","0","0","DF","dd323728"
"Ola Aina","€12.00m","14","26","ng NGA","Nott'ham Forest","22","1692","18.8","20","2","3","1","1","2","1","0","0","0","DF","246d153b"
"Gonzalo Montiel","€10.00m","458","26","ar ARG","Nott'ham Forest","14","801","8.9","8","6","10","0","2","2","0","0","0","0","DF","374d5158"
"Serge Aurier","€3.70m","43","30","ci CIV","Nott'ham Forest","12","833","9.3","10","2","1","0","2","2","0","0","0","0","DFMF","5c2b4f07"
"Ibrahim Sangaré","€30.00m","602","25","ci CIV","Nott'ham Forest","17","1035","11.5","13","4","7","0","0","0","0","0","0","0","MF","bced0375"
"Danilo","€28.00m","163","22","br BRA","Nott'ham Forest","29","1792","19.9","20","9","2","2","2","4","2","0","0","0","MF","a816dbfb"
"Orel Mangala","€20.00m","411","25","be BEL","Nott'ham Forest","20","1563","17.4","19","1","1","1","0","1","1","0","0","0","MF","a572e291"
"Cheikhou Kouyaté","€1.00m","373","33","sn SEN","Nott'ham Forest","12","212","2.4","2","10","18","0","0","0","0","0","0","0","MF","8d3c902d"
"Jamie McDonnell","€200k","439","19","nir NIR","Nott'ham Forest","0","","","0","0","1","","","","","","","","MF","b0df78a0"
"Nicolás Domínguez","€17.00m","190","25","ar ARG","Nott'ham Forest","26","1495","16.6","19","7","6","2","2","4","2","0","0","0","MFFW","20b3a502"
"Andrey Santos","€15.00m","604","19","br BRA","2 Teams","1","8","0.1","0","1","6","0","0","0","0","0","0","0","MF","dd745366"
"Ryan Yates","€12.00m","726","25","eng ENG","Nott'ham Forest","35","1992","22.1","21","14","2","1","1","2","1","0","0","0","MF","c1fe2a48"
"Remo Freuler","€6.50m","244","31","ch SUI","Nott'ham Forest","0","","","0","0","3","","","","","","","","MF","98d2c2c4"
"Lewis O'Brien","€5.00m","494","24","eng ENG","Nott'ham Forest","0","","","0","0","1","","","","","","","","MF","089667a5"
"Morgan Gibbs-White","€40.00m","254","23","eng ENG","Nott'ham Forest","37","3156","35.1","35","2","0","5","10","15","4","1","1","0","MFFW","32f60ed8"
"Brandon Aguilera","€300k","11","20","cr CRC","Nott'ham Forest","1","5","0.1","0","1","3","0","0","0","0","0","0","0","FW","938fa024"
"Callum Hudson-Odoi","€18.00m","314","22","eng ENG","Nott'ham Forest","29","1854","20.6","20","9","1","8","1","9","8","0","0","0","FWMF","15f3ec41"
"Brennan Johnson","€48.00m","340","22","wls WAL","2 Teams","35","2322","25.8","26","9","0","5","10","15","5","0","0","0","FW","0cd31129"
"Anthony Elanga","€22.00m","211","21","se SWE","Nott'ham Forest","36","2433","27.0","25","11","0","5","9","14","5","0","0","0","FWMF","2fba6108"
"Joe Gardner","€150k","248","18","eng ENG","Nott'ham Forest","0","","","0","0","2","","","","","","","","DF","f4c17979"
"Taiwo Awoniyi","€28.00m","45","25","ng NGA","Nott'ham Forest","20","1042","11.6","12","8","0","6","3","9","6","0","0","0","FW","e5478b87"
"Chris Wood","€7.00m","720","31","nz NZL","Nott'ham Forest","31","1812","20.1","20","11","0","14","1","15","14","0","0","0","FW","4e9a0555"
"Divock Origi","€5.00m","518","28","be BEL","Nott'ham Forest","20","606","6.7","6","14","7","0","1","1","0","0","0","0","FW","43a166b4"
"Rodrigo Ribeiro","€3.00m","571","18","pt POR","Nott'ham Forest","4","17","0.2","0","4","8","0","0","0","0","0","0","0","MFFW","484a3eae"
"Guglielmo Vicario","€35.00m","687","26","it ITA","Tottenham","38","3420","38.0","38","0","0","0","0","0","0","0","0","0","GK","77d6fd4d"
"Fraser Forster","€1.20m","237","35","eng ENG","Tottenham","0","","","0","0","23","","","","","","","","GK","c3e39f12"
"Brandon Austin","€600k","44","24","eng ENG","Tottenham","0","","","0","0","18","","","","","","","","GK","5e253986"
"Alfie Whiteman","€500k","711","24","eng ENG","Tottenham","0","","","0","0","1","","","","","","","","GK","3f2587ee"
"Cristian Romero","€60.00m","587","25","ar ARG","Tottenham","33","2790","31.0","33","0","0","5","0","5","5","0","0","0","DF","a3d94a58"
"Micky van de Ven","€55.00m","685","22","nl NED","Tottenham","27","2339","26.0","27","0","1","3","0","3","3","0","0","0","DF","8fe2a392"
"Radu Drăgușin","€25.00m","197","21","ro ROU","Tottenham","9","429","4.8","4","5","9","0","0","0","0","0","0","0","DF","620922ed"
"Davinson Sánchez","€17.00m","599","27","co COL","Tottenham","1","77","0.9","0","1","3","0","0","0","0","0","0","0","DF","da7b447d"
"Eric Dier","€12.00m","182","29","eng ENG","Tottenham","4","201","2.2","1","3","8","0","0","0","0","0","0","0","DF","ac861941"
"Ben Davies","€10.00m","169","30","wls WAL","Tottenham","17","1090","12.1","12","5","13","1","0","1","1","0","0","0","DF","44781702"
"Ashley Phillips","€2.20m","542","18","wls WAL","Tottenham","0","","","0","0","7","","","","","","","","DF","4f21d3af"
"Alfie Dorrington","€500k","192","18","eng ENG","Tottenham","0","","","0","0","10","","","","","","","","DF","ac1ef440"
"Destiny Udogie","€45.00m","676","20","it ITA","Tottenham","28","2391","26.6","28","0","0","2","3","5","2","0","0","0","DF","7cd520e8"
"Sergio Reguilón","€12.00m","568","26","es ESP","2 Teams","25","1530","17.0","18","7","5","0","4","4","0","0","0","0","DF","3353737a"
"Pedro Porro","€45.00m","551","23","es ESP","Tottenham","35","3089","34.3","35","0","1","3","7","10","3","0","0","0","DF","27d0a506"
"Yves Bissouma","€35.00m","82","26","ml MLI","Tottenham","28","2068","23.0","26","2","0","0","0","0","0","0","0","0","MF","6c203af0"
"Rodrigo Bentancur","€35.00m","72","26","uy URU","Tottenham","23","1005","11.2","13","10","0","1","1","2","1","0","0","0","MF","3b8674e6"
"Oliver Skipp","€15.00m","627","22","eng ENG","Tottenham","21","707","7.9","5","16","10","0","0","0","0","0","0","0","MFDF","6250083a"
"Pape Matar Sarr","€45.00m","425","20","sn SEN","Tottenham","34","2069","23.0","27","7","0","3","3","6","3","0","0","0","MF","feb5d972"
"Giovani Lo Celso","€16.00m","396","27","ar ARG","Tottenham","22","506","5.6","4","18","6","2","2","4","2","0","0","0","MF","d7553721"
"Tyrese Hall","-","284","17","eng ENG","Tottenham","0","","","0","0","1","","","","","","","","MF","f2e48542"
"James Maddison","€70.00m","406","26","eng ENG","Tottenham","28","2135","23.7","26","2","0","4","9","13","4","0","0","0","MF","ee38d9c5"
"Dejan Kulusevski","€55.00m","378","23","se SWE","Tottenham","36","2762","30.7","31","5","0","8","3","11","8","0","0","0","FWMF","df3cda47"
"Timo Werner","€17.00m","706","27","de GER","Tottenham","13","809","9.0","10","3","0","2","3","5","2","0","0","0","FW","49fe9070"
"Bryan Gil","€14.00m","255","22","es ESP","Tottenham","11","209","2.3","2","9","13","0","0","0","0","0","0","0","FWMF","7b5ab7f2"
"Manor Solomon","€13.00m","632","24","il ISR","Tottenham","5","199","2.2","2","3","2","0","2","2","0","0","0","0","FW","886f9aac"
"Yago Santiago","€200k","603","20","es ESP","Tottenham","0","","","0","0","3","","","","","","","","FWMF","88b3215c"
"Mikey Moore","-","460","15","eng ENG","Tottenham","2","4","0.0","0","2","3","0","0","0","0","0","0","0","MF","00953a9d"
"Brennan Johnson","€48.00m","340","22","wls WAL","2 Teams","35","2322","25.8","26","9","0","5","10","15","5","0","0","0","FW","0cd31129"
"Jamie Donley","€1.50m","191","18","eng ENG","Tottenham","3","3","0.0","0","3","10","0","0","0","0","0","0","0","FW","5e4d9b48"
"Richarlison","€38.00m","574","26","br BRA","Tottenham","28","1491","16.6","18","10","1","11","4","15","11","0","0","0","FW","fa031b34"
"Dane Scarlett","€1.80m","609","19","eng ENG","Tottenham","4","22","0.2","0","4","4","0","0","0","0","0","0","0","FW","21945a9e"
"Alphonse Areola","€10.00m","39","30","fr FRA","West Ham","31","2699","30.0","31","0","2","0","0","0","0","0","0","0","GK","2f965a72"
"Joseph Anang","€300k","30","23","eng ENG","West Ham","0","","","0","0","7","","","","","","","","GK","21a866b7"
"Nayef Aguerd","€35.00m","10","27","ma MAR","West Ham","21","1857","20.6","21","0","4","1","0","1","1","0","0","0","DF","288e1e13"
"Kurt Zouma","€25.00m","733","28","fr FRA","West Ham","33","2838","31.5","32","1","1","3","0","3","3","0","0","0","DF","ce4246f5"
"Konstantinos Mavropanos","€20.00m","432","25","gr GRE","West Ham","19","1500","16.7","16","3","10","1","0","1","1","0","0","0","DF","00963611"
"Thilo Kehrer","€10.00m","357","26","de GER","West Ham","4","22","0.2","0","4","14","0","0","0","0","0","0","0","DFMF","51dbeea9"
"Kaelan Casey","€1.00m","120","18","eng ENG","West Ham","1","1","0.0","0","1","7","0","0","0","0","0","0","0","DF","cd4b2c5f"
"Angelo Ogbonna","€700k","502","35","it ITA","West Ham","11","635","7.1","7","4","27","0","0","0","0","0","0","0","DF","74b2cd7e"
"Levi Laing","€150k","379","20","eng ENG","West Ham","0","","","0","0","1","","","","","","","","DF","90295964"
"Emerson","€12.00m","214","24","br BRA","Tottenham","22","1161","12.9","11","11","16","1","0","1","1","0","0","0","DF","df8b52a5"
"Aaron Cresswell","€900k","152","33","eng ENG","West Ham","11","436","4.8","4","7","21","0","0","0","0","0","0","0","DFFW","4f974391"
"Oliver Scarles","€400k","608","17","eng ENG","West Ham","0","","","0","0","5","","","","","","","","MF","242e5e6d"
"Ben Johnson","€8.00m","339","23","eng ENG","West Ham","14","544","6.0","4","10","11","0","0","0","0","0","0","0","DFFW","9319781b"
"Vladimír Coufal","€8.00m","148","30","cz CZE","West Ham","36","3132","34.8","36","0","0","0","7","7","0","0","0","0","DF","fdf3cb77"
"Edson Álvarez","€35.00m","23","25","mx MEX","West Ham","31","2377","26.4","28","3","1","1","1","2","1","0","0","0","MF","8b3ab7ad"
"Kalvin Phillips","€25.00m","543","27","eng ENG","2 Teams","12","402","4.5","3","9","20","0","0","0","0","0","0","0","MF","4f565d77"
"Conor Coventry","€1.50m","150","23","ie IRL","West Ham","0","","","0","0","2","","","","","","","","MF","a5ca9127"
"James Ward-Prowse","€30.00m","699","28","eng ENG","West Ham","37","3001","33.3","34","3","0","7","7","14","5","2","2","0","MF","3515d404"
"Lewis Orford","€400k","517","17","eng ENG","West Ham","0","","","0","0","4","","","","","","","","MF","40aaa04c"
"Lucas Paquetá","€65.00m","530","25","br BRA","West Ham","31","2622","29.1","31","0","0","4","6","10","2","2","2","0","FWMF","9b6f7fd5"
"Pablo Fornals","€14.00m","235","27","es ESP","West Ham","15","426","4.7","4","11","6","0","0","0","0","0","0","0","MFFW","82927de4"
"George Earthy","€1.00m","204","18","eng ENG","West Ham","3","34","0.4","0","3","6","1","0","1","1","0","0","0","FW","123d2733"
"Saïd Benrahma","€20.00m","71","27","dz ALG","West Ham","13","620","6.9","5","8","7","0","1","1","0","0","1","1","FWMF","5a04fd92"
"Maxwel Cornet","€9.00m","147","26","ci CIV","West Ham","7","112","1.2","1","6","21","1","0","1","1","0","0","0","MFFW","beb391dd"
"Mohammed Kudus","€50.00m","377","22","gh GHA","West Ham","33","2484","27.6","27","6","0","8","6","14","8","0","0","0","FWMF","b62878a5"
"Jarrod Bowen","€50.00m","89","26","eng ENG","West Ham","34","3019","33.5","34","0","0","16","6","22","16","0","0","0","FW","79c84d1c"
"Danny Ings","€8.00m","321","31","eng ENG","West Ham","20","404","4.5","3","17","18","1","0","1","1","0","0","0","FW","07802f7f"
"Michail Antonio","€4.00m","35","33","jm JAM","West Ham","26","1695","18.8","21","5","0","6","2","8","6","0","0","0","FW","ac05f970"
"Callum Marshall","€2.00m","417","18","nir NIR","West Ham","0","","","0","0","1","","","","","","","","FW","3a27f1bf"
"Divin Mubama","€1.00m","467","18","eng ENG","West Ham","5","80","0.9","0","5","26","0","0","0","0","0","0","0","FW","92868cb5"
"José Sá","€14.00m","590","30","pt POR","Wolves","35","3037","33.7","35","0","0","0","1","1","0","0","0","0","GK","903b6e8b"
"Daniel Bentley","€2.00m","73","30","eng ENG","Wolves","5","383","4.3","3","2","33","0","0","0","0","0","0","0","GK","68db6358"
"Tom King","€200k","366","28","wls WAL","Wolves","0","","","0","0","4","","","","","","","","GK","5791b997"
"Santiago Bueno","€8.00m","103","24","uy URU","Wolves","12","822","9.1","9","3","18","0","0","0","0","0","0","0","DF","edc98fac"
"Yerson Mosquera","€6.00m","464","22","co COL","Wolves","0","","","0","0","1","","","","","","","","DF","1e159d70"
"Craig Dawson","€2.00m","171","33","eng ENG","Wolves","25","2209","24.5","25","0","2","1","1","2","1","0","0","0","DF","3e9e06cb"
"Justin Hubner","€350k","313","19","id IDN","Wolves","0","","","0","0","1","","","","","","","","DF","f233ed69"
"Rayan Aït-Nouri","€35.00m","15","22","dz ALG","Wolves","33","2329","25.9","29","4","0","2","1","3","2","0","0","0","DFMF","9b398aea"
"Hugo Bueno","€6.00m","102","20","es ESP","Wolves","22","741","8.2","7","15","11","0","0","0","0","0","0","0","DFMF","bfc3b3a0"
"Nélson Semedo","€12.00m","616","29","pt POR","Wolves","36","3084","34.3","36","0","0","0","1","1","0","0","0","0","DFMF","d04b94db"
"Matt Doherty","€3.00m","188","31","ie IRL","Wolves","30","1150","12.8","9","21","8","1","0","1","1","0","0","0","DFMF","d557d734"
"Wesley Okoduwa","-","505","15","eng ENG","Wolves","0","","","0","0","5","","","","","","","","FW","58469e7c"
"Mario Lemina","€10.00m","386","29","ga GAB","Wolves","35","2968","33.0","34","1","0","4","1","5","4","0","0","0","MF","2b471f99"
"Boubacar Traoré","€6.00m","667","21","ml MLI","Wolves","24","819","9.1","7","17","9","0","0","0","0","0","0","0","MF","999ceb5f"
"Harvey Griffiths","€150k","275","19","eng ENG","Wolves","0","","","0","0","2","","","","","","","","MF","6e4cb264"
"Temple Ojinnaka","-","504","18","it ITA","Wolves","0","","","0","0","1","","","","","","","","MF","4e93ceb2"
"Matheus Nunes","€50.00m","490","24","pt POR","2 Teams","19","840","9.3","9","10","16","0","2","2","0","0","0","0","MF","e6af02e0"
"João Gomes","€35.00m","261","22","br BRA","Wolves","34","2649","29.4","32","2","1","2","1","3","2","0","0","0","MF","8b57ad2c"
"Jean-Ricner Bellegarde","€15.00m","68","25","fr FRA","Wolves","22","958","10.6","10","12","0","2","1","3","2","0","0","0","MFFW","10f0fdd3"
"Tommy Doyle","€10.00m","196","21","eng ENG","Wolves","26","1222","13.6","11","15","6","0","0","0","0","0","0","0","MF","5526deb1"
"Matthew Whittingham","€150k","712","18","eng ENG","Wolves","0","","","0","0","1","","","","","","","","MF","cd84f0e3"
"Tawanda Chirewa","€500k","132","19","zw ZIM","Wolves","8","145","1.6","1","7","15","0","0","0","0","0","0","0","MFFW","34721c11"
"Noha Lemina","€500k","387","18","fr FRA","Wolves","0","","","0","0","5","","","","","","","","FW","28401b55"
"Owen Hesketh","-","301","20","wls WAL","Wolves","0","","","0","0","1","","","","","","","","MF","3f991cbb"
"Ty Barnett","€150k","59","18","eng ENG","Wolves","0","","","0","0","6","","","","","","","","MF","c68c6838"
"Pedro Neto","€55.00m","483","23","pt POR","Wolves","20","1516","16.8","18","2","1","2","9","11","2","0","0","0","FWMF","7ba2eaa9"
"Pablo Sarabia","€10.00m","605","31","es ESP","Wolves","30","1745","19.4","20","10","7","4","7","11","2","2","2","0","MFFW","9744ff80"
"Matheus Cunha","€45.00m","155","24","br BRA","Wolves","32","2440","27.1","29","3","0","12","7","19","11","1","1","0","FWMF","dc62b55d"
"Fábio Silva","€11.00m","624","21","pt POR","Wolves","8","264","2.9","3","5","9","0","0","0","0","0","0","0","FW","e7aa9d7c"
"Sasa Kalajdzic","€5.00m","350","26","at AUT","Wolves","11","166","1.8","1","10","9","2","0","2","2","0","0","0","FW","15f24fe7"
"Nathan Fraser","€1.00m","242","18","ie IRL","Wolves","7","186","2.1","1","6","13","0","0","0","0","0","0","0","FW","00b77ecf"
"Leon Chiwome","€1.00m","133","17","eng ENG","Wolves","3","174","1.9","2","1","1","0","0","0","0","0","0","0","FW","a2852b4f"
"Fletcher Holman","-","309","18","eng ENG","Wolves","0","","","0","0","3","","","","","","","","FW","de40b95a"
"James Trafford","€18.00m","663","20","eng ENG","Burnley","28","2520","28.0","28","0","8","0","0","0","0","0","0","0","GK","259fea27"
"Arijanet Muric","€7.00m","472","24","xk KVX","Burnley","10","900","10.0","10","0","25","0","0","0","0","0","0","0","GK","99aa1a84"
"Lawrence Vigouroux","€300k","689","29","cl CHI","Burnley","0","","","0","0","5","","","","","","","","GK","a949d040"
"Jordan Beyer","€13.00m","80","23","de GER","Burnley","15","1234","13.7","15","0","0","0","1","1","0","0","0","0","DF","9af1f9ff"
"Ameen Al-Dakhil","€12.00m","160","21","be BEL","Burnley","13","1056","11.7","12","1","2","1","0","1","1","0","0","0","DF","93e08bce"
"Dara O'Shea","€7.00m","497","24","ie IRL","Burnley","33","2892","32.1","32","1","1","3","4","7","3","0","0","0","DF","1d042188"
"Hjalmar Ekdal","€7.00m","210","24","se SWE","Burnley","8","437","4.9","5","3","12","0","0","0","0","0","0","0","DF","3d554589"
"Maxime Estève","€7.00m","220","21","fr FRA","Burnley","16","1309","14.5","15","1","0","0","0","0","0","0","0","0","DF","1a066e69"
"Hannes Delcroix","€4.00m","174","24","be BEL","Burnley","12","589","6.5","5","7","10","0","0","0","0","0","0","0","DF","b737f944"
"CJ Egan-Riley","€1.50m","209","20","eng ENG","Burnley","0","","","0","0","1","","","","","","","","DF","d313e8ff"
"Charlie Taylor","€3.00m","651","29","eng ENG","Burnley","28","2331","25.9","25","3","2","1","1","2","1","0","0","0","DF","cc2d7ad5"
"Lorenz Assignon","€10.00m","41","23","tg TOG","Burnley","15","1234","13.7","15","0","0","1","2","3","1","0","0","0","DF","b026bbf6"
"Connor Roberts","€7.00m","577","27","wls WAL","Burnley","14","823","9.1","8","6","5","0","1","1","0","0","0","0","DF","24fae784"
"Vitinho","€5.00m","693","24","br BRA","Burnley","32","2314","25.7","26","6","2","0","2","2","0","0","0","0","DFMF","9295dc1c"
"Sander Berge","€20.00m","75","25","no NOR","Burnley","37","3005","33.4","34","3","0","1","2","3","1","0","0","0","MF","d0b6129f"
"Josh Cullen","€10.00m","154","27","ie IRL","Burnley","25","2057","22.9","23","2","8","2","3","5","2","0","0","0","MF","f6d7d690"
"Han-Noah Massengo","€4.00m","424","22","fr FRA","Burnley","3","16","0.2","0","3","5","0","0","0","0","0","0","0","MFDF","eba1e557"
"Jack Cork","€800k","146","34","eng ENG","Burnley","4","27","0.3","0","4","18","0","0","0","0","0","0","0","MF","74e12f1e"
"Josh Brownhill","€15.00m","100","27","eng ENG","Burnley","33","2252","25.0","23","10","4","4","2","6","4","0","0","0","MF","47369df8"
"Aaron Ramsey","€15.00m","559","20","eng ENG","Burnley","14","527","5.9","5","9","3","0","0","0","0","0","0","0","MFFW","e1618c22"
"Anass Zaroury","€9.00m","731","22","ma MAR","Burnley","6","152","1.7","1","5","7","0","0","0","0","0","0","0","FWMF","07d65234"
"Mike Trésor","€12.00m","669","24","be BEL","Burnley","16","420","4.7","3","13","9","0","0","0","0","0","0","0","FWMF","b2a81fc6"
"Jacob Bruun Larsen","€8.00m","101","24","dk DEN","Burnley","32","1249","13.9","16","16","5","6","0","6","5","1","1","0","MFFW","4e204552"
"Wilson Odobert","€10.00m","499","18","fr FRA","Burnley","29","2098","23.3","25","4","4","3","2","5","3","0","0","0","MFFW","35516eac"
"Luca Koleosho","€7.00m","369","18","it ITA","Burnley","15","974","10.8","13","2","0","1","1","2","1","0","0","0","MFFW","fc076f78"
"Benson Manuel","€5.00m","413","26","ao ANG","Burnley","8","116","1.3","1","7","13","0","0","0","0","0","0","0","MFFW","d7f99582"
"Nathan Redmond","€5.00m","566","29","eng ENG","Burnley","12","142","1.6","0","12","3","0","0","0","0","0","0","0","FWMF","ab651565"
"Lyle Foster","€13.00m","238","22","za RSA","Burnley","24","1899","21.1","22","2","0","5","3","8","5","0","0","0","FWMF","f84a807c"
"David Datro Fofana","€12.00m","167","20","ci CIV","Burnley","15","879","9.8","10","5","1","4","1","5","4","0","0","0","FW","e82900ef"
"Zeki Amdouni","€12.00m","27","22","ch SUI","Burnley","34","1953","21.7","27","7","4","5","1","6","4","1","1","0","FW","2ee5b0c9"
"Michael Obafemi","€2.20m","498","23","ie IRL","Burnley","2","20","0.2","0","2","4","0","0","0","0","0","0","0","FWMF","caa1a7f0"
"Wes Foderingham","€900k","234","32","eng ENG","Sheffield Utd","30","2649","29.4","29","1","8","0","0","0","0","0","0","0","GK","96cf7b61"
"Adam Davies","€500k","168","31","wls WAL","Sheffield Utd","0","","","0","0","18","","","","","","","","GK","71894777"
"Jordan Amissah","€250k","28","21","gh GHA","Sheffield Utd","0","","","0","0","6","","","","","","","","GK","50fc4c0a"
"Auston Trusty","€7.00m","673","24","us USA","Sheffield Utd","32","2572","28.6","28","4","6","0","0","0","0","0","0","0","DF","cddf767b"
"Mason Holgate","€5.00m","308","26","eng ENG","Sheffield Utd","10","710","7.9","9","1","2","0","0","0","0","0","0","0","DF","d0042ab9"
"John Egan","€4.00m","208","30","ie IRL","Sheffield Utd","6","482","5.4","6","0","0","0","0","0","0","0","0","0","DF","debe38a0"
"Jack Robinson","€1.00m","580","29","eng ENG","Sheffield Utd","34","2885","32.1","31","3","0","1","1","2","1","0","0","0","DF","7399c7a8"
"Chris Basham","€300k","61","35","eng ENG","Sheffield Utd","8","321","3.6","3","5","0","0","0","0","0","0","0","0","DFMF","1aa84968"
"Dovydas Sasnauskas","-","606","16","lt LTU","Sheffield Utd","0","","","0","0","2","","","","","","","","DF","9463c7eb"
"Luke Thomas","€6.00m","653","22","eng ENG","Sheffield Utd","12","917","10.2","11","1","4","0","0","0","0","0","0","0","DF","fc027d02"
"Yasser Larouci","€3.00m","383","22","dz ALG","Sheffield Utd","11","531","5.9","6","5","23","0","0","0","0","0","0","0","DF","0ed063d6"
"Max Lowe","€2.50m","400","26","eng ENG","Sheffield Utd","10","503","5.6","4","6","3","0","0","0","0","0","0","0","DFMF","7af88b33"
"Rhys Norrington-Davies","€2.50m","487","24","wls WAL","Sheffield Utd","5","110","1.2","2","3","1","0","0","0","0","0","0","0","DF","ca76b087"
"Jili Buyabu","€200k","108","21","eng ENG","Sheffield Utd","0","","","0","0","2","","","","","","","","MF","15ee4bc1"
"Jayden Bogle","€3.80m","86","23","eng ENG","Sheffield Utd","34","2788","31.0","32","2","1","3","0","3","3","0","0","0","DF","ae5019e6"
"George Baldock","€2.50m","51","30","gr GRE","Sheffield Utd","13","969","10.8","11","2","1","0","1","1","0","0","0","0","DF","394854c4"
"Femi Seriki","€300k","619","21","eng ENG","Sheffield Utd","0","","","0","0","12","","","","","","","","DF","e4e0deaa"
"Sam Curtis","€150k","157","17","ie IRL","Sheffield Utd","1","28","0.3","0","1","8","0","0","0","0","0","0","0","DF","7d42865e"
"Gustavo Hamer","€15.00m","285","26","nl NED","Sheffield Utd","36","2910","32.3","34","2","0","4","6","10","4","0","0","0","MF","eebacc07"
"Tom Davies","€5.00m","170","25","eng ENG","Sheffield Utd","9","221","2.5","2","7","1","0","0","0","0","0","0","0","MF","9228b07c"
"Andre Brooks","€2.50m","97","19","eng ENG","Sheffield Utd","20","938","10.4","12","8","11","0","0","0","0","0","0","0","MFDF","5f346071"
"Oliver Norwood","€1.00m","488","32","nir NIR","Sheffield Utd","27","1440","16.0","16","11","9","1","0","1","0","1","1","0","MF","43439614"
"Ben Osborn","€1.00m","520","28","eng ENG","Sheffield Utd","24","1367","15.2","14","10","5","0","2","2","0","0","0","0","DFMF","79bc4c45"
"John Fleck","€900k","231","31","sct SCO","Sheffield Utd","4","92","1.0","1","3","5","0","0","0","0","0","0","0","MFDF","b63e789d"
"Oliver Arblaster","€450k","37","19","eng ENG","Sheffield Utd","12","943","10.5","11","1","2","0","0","0","0","0","0","0","MF","afe1a491"
"Sydie Peck","€200k","535","18","eng ENG","Sheffield Utd","1","10","0.1","0","1","1","0","0","0","0","0","0","0","MF","767d9605"
"Owen Hampson","-","287","18","eng ENG","Sheffield Utd","0","","","0","0","1","","","","","","","","MF","081b8cac"
"Billy Blacker","€100k","83","17","eng ENG","Sheffield Utd","0","","","0","0","1","","","","","","","","FW","2b08b6e5"
"Louie Marsh","€100k","416","19","eng ENG","Sheffield Utd","0","","","0","0","4","","","","","","","","FW","7923301c"
"Cameron Archer","€13.00m","38","22","eng ENG","2 Teams","30","1838","20.4","21","9","1","4","1","5","4","0","0","0","FWMF","05e8ca6d"
"Bénie Traoré","€4.00m","665","20","ci CIV","Sheffield Utd","8","387","4.3","3","5","11","0","0","0","0","0","0","0","FWMF","77816c91"
"Rhian Brewster","€3.00m","93","23","eng ENG","Sheffield Utd","13","346","3.8","3","10","1","0","0","0","0","0","0","0","FWMF","30e81a88"
"William Osula","€3.00m","523","19","dk DEN","Sheffield Utd","21","786","8.7","9","12","9","0","0","0","0","0","0","0","FW","7b355808"
"Daniel Jebbison","€1.00m","331","19","eng ENG","Sheffield Utd","1","21","0.2","0","1","0","0","0","0","0","0","0","0","FW","03edb878"
"Antwoine Hackford","€500k","282","19","eng ENG","Sheffield Utd","2","13","0.1","0","2","0","0","0","0","0","0","0","0","FW","a7588cdc"
"Thomas Kaminski","€3.00m","353","30","be BEL","Luton Town","38","3405","37.8","38","0","0","0","0","0","0","0","0","0","GK","1caa93a5"
"Tim Krul","€500k","376","35","nl NED","Luton Town","0","","","0","0","37","","","","","","","","GK","f23f9d20"
"James Shea","€200k","622","32","eng ENG","Luton Town","1","15","0.2","0","1","13","0","0","0","0","0","0","0","GK","ee7c0a5e"
"Teden Mengi","€12.00m","448","21","eng ENG","Luton Town","30","2469","27.4","28","2","3","1","0","1","1","0","0","0","DF","91748070"
"Gabriel Osho","€3.00m","521","24","ng NGA","Luton Town","21","1846","20.5","21","0","1","2","0","2","2","0","0","0","DF","cd889153"
"Tom Lockyer","€2.50m","397","28","wls WAL","Luton Town","14","1169","13.0","14","0","0","1","1","2","1","0","0","0","DF","37118440"
"Reece Burke","€1.80m","105","26","eng ENG","Luton Town","22","1660","18.4","20","2","3","0","4","4","0","0","0","0","DF","a681b7b7"
"Dan Potts","€900k","552","29","eng ENG","Luton Town","0","","","0","0","4","","","","","","","","DF","3595affe"
"Christian Chigozie","-","130","16","eng ENG","Luton Town","0","","","0","0","2","","","","","","","","DF","2dbd5678"
"Amari'i Bell","€2.50m","67","29","jm JAM","Luton Town","21","1720","19.1","21","0","0","0","0","0","0","0","0","0","DF","399e9474"
"Issa Kaboré","€10.00m","349","22","bf BFA","Luton Town","24","1729","19.2","21","3","4","0","2","2","0","0","0","0","DF","c066d1a5"
"Daiki Hashioka","€2.00m","292","24","jp JPN","Luton Town","10","595","6.6","6","4","3","0","0","0","0","0","0","0","DF","10cb48b7"
"Marvelous Nakamba","€5.00m","477","29","zw ZIM","Luton Town","13","1130","12.6","13","0","0","0","0","0","0","0","0","0","MF","de5b5570"
"Pelly Ruddock Mpanzu","€1.50m","589","30","cd COD","Luton Town","27","1101","12.2","11","16","11","0","0","0","0","0","0","0","MF","a9b1c319"
"Albert Sambi Lokonga","€15.00m","596","23","be BEL","Luton Town","17","1303","14.5","16","1","0","1","3","4","1","0","0","0","MF","1b4f1169"
"Ross Barkley","€8.00m","57","29","eng ENG","Luton Town","32","2618","29.1","30","2","0","5","4","9","5","0","0","0","MF","3a24769f"
"Allan Campbell","€2.00m","112","25","sct SCO","Luton Town","0","","","0","0","1","","","","","","","","MF","858409be"
"Jordan Clark","€1.00m","139","29","eng ENG","Luton Town","23","1304","14.5","14","9","4","1","1","2","1","0","0","0","MF","7c5fa6cf"
"Luke Berry","€400k","77","31","eng ENG","Luton Town","17","323","3.6","2","15","16","2","1","3","2","0","0","0","MFDF","2aaadf33"
"Axel Piesold","€150k","546","18","eng ENG","Luton Town","0","","","0","0","9","","","","","","","","MF","68201bf9"
"Jayden Luker","-","402","18","eng ENG","Luton Town","0","","","0","0","4","","","","","","","","MF","61aed9fe"
"Alfie Doughty","€10.00m","195","23","eng ENG","Luton Town","37","2925","32.5","34","3","0","2","8","10","2","0","0","0","DF","bf33b257"
"Fred Onyedinma","€500k","515","26","eng ENG","Luton Town","8","407","4.5","4","4","1","0","0","0","0","0","0","0","DFMF","387d06b2"
"Zack Nelson","€100k","481","18","eng ENG","Luton Town","2","7","0.1","0","2","14","0","0","0","0","0","0","0","MFDF","de0abf23"
"Chiedozie Ogbene","€8.00m","501","26","ie IRL","Luton Town","30","1995","22.2","20","10","0","4","1","5","4","0","0","0","MFDF","788c0277"
"Tahith Chong","€6.00m","134","23","nl NED","Luton Town","33","1982","22.0","20","13","5","4","0","4","4","0","0","0","MFFW","2696b6a9"
"Andros Townsend","€1.80m","662","32","eng ENG","Luton Town","27","1210","13.4","14","13","3","1","3","4","1","0","0","0","MFFW","b28bbd58"
"Carlton Morris","€13.00m","463","27","eng ENG","Luton Town","38","2862","31.8","32","6","0","11","4","15","6","5","5","0","FWMF","2da834f1"
"Elijah Adebayo","€12.00m","6","25","eng ENG","Luton Town","27","1419","15.8","16","11","0","10","0","10","10","0","0","0","FW","0480ebc7"
"Jacob Brown","€4.00m","99","25","sct SCO","Luton Town","19","1019","11.3","12","7","2","2","0","2","2","0","0","0","MFFW","ca18c8f1"
"Cauley Woodrow","€1.00m","721","28","eng ENG","Luton Town","24","427","4.7","2","22","8","1","1","2","1","0","0","0","FWMF","d3085b49"
"Taylan Harris","-","289","17","eng ENG","Luton Town","0","","","0","0","1","","","","","","","","FW","96630213"
