1,Brenden Aaronson,2023-2024,22,us USA,Union Berlin,de Bundesliga,30,1267,14.1,14,16,2,2,2,4,2,0,0,0,MFFW,5bc43860
2,Paxten Aaronson,2023-2024,19,us USA,Eint Frankfurt,de Bundesliga,7,101,1.1,1,6,7,0,1,1,0,0,0,0,MF,4cd41883
3,Junior Adamu,2023-2024,22,at AUT,Freiburg,de Bundesliga,15,105,1.2,0,15,13,0,0,0,0,0,0,0,FWMF,82e12fe7
4,Sargis Adamyan,2023-2024,30,am ARM,Köln,de Bundesliga,20,801,8.9,8,12,5,1,2,3,1,0,0,0,FWMF,22919e97
5,Karim Adeyemi,2023-2024,21,de GER,Dortmund,de Bundesliga,21,913,10.1,10,11,3,3,1,4,3,0,0,0,FWMF,501055d8
6,Amine Adli,2023-2024,23,ma MAR,Leverkusen,de Bundesliga,23,898,10.0,8,15,4,4,6,10,4,0,0,0,MFFW,dcfb17f4
7,Felix Agu,2023-2024,23,de GER,Werder Bremen,de Bundesliga,24,1614,17.9,19,5,5,0,0,0,0,0,0,0,DFMF,cb6d81b3
8,Ludovic Ajorque,2023-2024,29,fr FRA,Mainz 05,de Bundesliga,26,1360,15.1,15,11,6,2,0,2,2,0,2,2,FW,462475ed
9,Kevin Akpoguma,2023-2024,28,ng NGA,Hoffenheim,de Bundesliga,17,1097,12.2,11,6,11,0,0,0,0,0,0,0,DF,6ec6fde0
10,Faride Alidou,2023-2024,22,de GER,Köln,de Bundesliga,26,1282,14.2,14,12,2,4,0,4,4,0,0,0,FWMF,00f518d8
11,Skelly Alvero,2023-2024,21,fr FRA,Werder Bremen,de Bundesliga,6,123,1.4,1,5,3,1,0,1,1,0,0,0,MF,add37c13
12,Nadiem Amiri,2023-2024,26,de GER,2 Teams,de Bundesliga,23,1401,15.6,16,7,11,1,4,5,1,0,1,1,MF,555d5edd
13,Kofi Amoako,2023-2024,18,de GER,Wolfsburg,de Bundesliga,2,2,0.0,0,2,4,0,0,0,0,0,0,0,MF,b8e17ca3
14,Robert Andrich,2023-2024,28,de GER,Leverkusen,de Bundesliga,28,1690,18.8,18,10,6,4,2,6,4,0,0,0,MFDF,e0b113a7
15,Spyridon Angelidis,2023-2024,18,gr GRE,Werder Bremen,de Bundesliga,0,,,0,0,1,,,,,,,,GK,8a831e10
16,Waldemar Anton,2023-2024,27,de GER,Stuttgart,de Bundesliga,33,2886,32.1,32,1,0,0,3,3,0,0,0,0,DF,5e66fa06
17,Christopher Antwi-Adjei,2023-2024,29,gh GHA,Bochum,de Bundesliga,25,1216,13.5,11,14,2,2,2,4,2,0,0,0,FWMF,0a3f6cde
18,Asaf Arania,2023-2024,17,il ISR,Darmstadt 98,de Bundesliga,1,6,0.1,0,1,2,0,0,0,0,0,0,0,MF,d61c07fd
19,Maximilian Arnold,2023-2024,29,de GER,Wolfsburg,de Bundesliga,30,2506,27.8,27,3,0,2,1,3,2,0,0,0,MF,86e119e0
20,Arthur,2023-2024,20,br BRA,Leverkusen,de Bundesliga,4,184,2.0,2,2,4,0,2,2,0,0,0,0,DF,8a958856
21,Takuma Asano,2023-2024,28,jp JPN,Bochum,de Bundesliga,29,1986,22.1,26,3,0,6,1,7,6,0,0,0,FWMF,13ddc856
22,Jonathan Asp Jensen,2023-2024,17,dk DEN,Bayern Munich,de Bundesliga,1,1,0.0,0,1,0,0,0,0,0,0,0,0,FW,25355bd8
23,Noah Atubolu,2023-2024,21,de GER,Freiburg,de Bundesliga,34,3060,34.0,34,0,0,0,0,0,0,0,0,0,GK,dbd1b101
24,Adam Aznou,2023-2024,17,ma MAR,Bayern Munich,de Bundesliga,0,,,0,0,6,,,,,,,,DF,e678d983
25,Matthias Bader,2023-2024,26,de GER,Darmstadt 98,de Bundesliga,24,1802,20.0,21,3,0,1,2,3,1,0,0,0,DFMF,3489184e
26,Elias Bakatukanda,2023-2024,19,de GER,Köln,de Bundesliga,0,,,0,0,3,,,,,,,,MF,6bcf5582
27,Ridle Baku,2023-2024,25,de GER,Wolfsburg,de Bundesliga,33,2013,22.4,22,11,0,1,0,1,1,0,0,0,DFMF,442b56fa
28,Samuel Bamba,2023-2024,19,de GER,Dortmund,de Bundesliga,2,47,0.5,0,2,2,0,0,0,0,0,0,0,FW,489d4867
29,Aymen Barkok,2023-2024,25,ma MAR,Mainz 05,de Bundesliga,13,321,3.6,1,12,0,1,0,1,1,0,1,1,MFFW,a2a85828
30,Leandro Barreiro Martins,2023-2024,23,lu LUX,Mainz 05,de Bundesliga,31,2606,29.0,29,2,0,4,1,5,4,0,0,0,MF,00242b75
31,Daniel Batz,2023-2024,32,de GER,Mainz 05,de Bundesliga,4,360,4.0,4,0,16,0,0,0,0,0,0,0,GK,ec759ba1
32,Maximilian Bauer,2023-2024,23,de GER,Augsburg,de Bundesliga,14,810,9.0,9,5,15,1,0,1,1,0,0,0,DF,44a20f0c
33,Elias Baum,2023-2024,17,de GER,Eint Frankfurt,de Bundesliga,4,28,0.3,0,4,1,0,0,0,0,0,0,0,DFMF,54d2b378
34,Oliver Baumann,2023-2024,33,de GER,Hoffenheim,de Bundesliga,34,3060,34.0,34,0,0,0,1,1,0,0,0,0,GK,47064058
35,Christoph Baumgartner,2023-2024,23,at AUT,RB Leipzig,de Bundesliga,32,1158,12.9,11,21,2,5,1,6,5,0,0,0,MFFW,437f2b00
36,Mika Baur,2023-2024,19,de GER,Freiburg,de Bundesliga,0,,,0,0,4,,,,,,,,MF,e4edafab
37,Ihlas Bebou,2023-2024,29,tg TOG,Hoffenheim,de Bundesliga,32,1636,18.2,16,16,2,7,5,12,7,0,0,0,FWDF,a53b661f
38,Adrian Beck,2023-2024,26,de GER,Heidenheim,de Bundesliga,23,974,10.8,11,12,5,1,1,2,1,0,0,0,MFFW,616c09f5
39,Sheraldo Becker,2023-2024,28,sr SUR,Union Berlin,de Bundesliga,11,645,7.2,7,4,0,0,1,1,0,0,0,0,FWMF,8eb55dbb
40,Chris Bedia,2023-2024,27,ci CIV,Union Berlin,de Bundesliga,7,145,1.6,0,7,8,1,0,1,1,0,0,0,FWMF,ec11ecf8
41,Donny van de Beek,2023-2024,26,nl NED,Eint Frankfurt,de Bundesliga,8,357,4.0,4,4,7,0,0,0,0,0,0,0,MFFW,50dc94ce
42,Kevin Behrens,2023-2024,32,de GER,2 Teams,de Bundesliga,31,1878,20.9,21,10,2,5,1,6,5,0,0,0,FW,30ae134d
43,Morten Behrens,2023-2024,26,de GER,Darmstadt 98,de Bundesliga,0,,,0,0,12,,,,,,,,GK,9c273730
44,Maximilian Beier,2023-2024,20,de GER,Hoffenheim,de Bundesliga,33,2420,26.9,29,4,0,16,1,17,16,0,0,0,FWMF,5db45ee5
45,Stefan Bell,2023-2024,31,de GER,Mainz 05,de Bundesliga,10,666,7.4,8,2,4,0,0,0,0,0,0,0,DF,857a5abe
46,Ramy Bensebaini,2023-2024,28,dz ALG,Dortmund,de Bundesliga,17,1033,11.5,11,6,3,0,0,0,0,0,0,0,DF,378825c7
47,Mergim Berisha,2023-2024,25,de GER,2 Teams,de Bundesliga,8,266,3.0,2,6,2,0,0,0,0,0,0,0,FW,eb6e14be
48,Bernardo,2023-2024,28,br BRA,Bochum,de Bundesliga,33,2924,32.5,33,0,0,1,0,1,1,0,0,0,DF,17370b95
49,Matúš Bero,2023-2024,27,sk SVK,Bochum,de Bundesliga,24,1661,18.5,20,4,0,1,1,2,1,0,0,0,MFFW,b5e0af76
50,Jan-Niklas Beste,2023-2024,24,de GER,Heidenheim,de Bundesliga,31,2603,28.9,31,0,0,8,11,19,8,0,1,1,FWMF,57382429
51,Pep Biel,2023-2024,26,es ESP,Augsburg,de Bundesliga,11,285,3.2,0,11,3,0,0,0,0,0,0,0,MFFW,1c59240b
52,Tom Bischof,2023-2024,18,de GER,Hoffenheim,de Bundesliga,13,178,2.0,1,12,15,0,2,2,0,0,0,0,MFFW,07d3bfec
53,Leonardo Bittencourt,2023-2024,29,de GER,Werder Bremen,de Bundesliga,29,1578,17.5,19,10,3,1,2,3,1,0,0,0,MF,dc62fbee
54,Hendry Blank,2023-2024,18,de GER,Dortmund,de Bundesliga,1,45,0.5,0,1,4,0,0,0,0,0,0,0,DF,76abb354
55,Janis Blaswich,2023-2024,32,de GER,RB Leipzig,de Bundesliga,21,1890,21.0,21,0,13,0,0,0,0,0,0,0,GK,663e080e
56,Sacha Boey,2023-2024,22,fr FRA,Bayern Munich,de Bundesliga,2,109,1.2,1,1,2,0,0,0,0,0,0,0,DF,6c8ddd52
57,Victor Boniface,2023-2024,22,ng NGA,Leverkusen,de Bundesliga,23,1546,17.2,18,5,0,14,8,22,10,4,4,0,FW,b146275b
58,Leonardo Bonucci,2023-2024,36,it ITA,Union Berlin,de Bundesliga,7,460,5.1,6,1,5,1,0,1,0,1,1,0,DF,52ec54d0
59,Yvandro Borges Sanches,2023-2024,19,lu LUX,Gladbach,de Bundesliga,3,18,0.2,0,3,4,0,0,0,0,0,0,0,MFFW,36578017
60,Sebastiaan Bornauw,2023-2024,24,be BEL,Wolfsburg,de Bundesliga,20,1431,15.9,16,4,7,0,0,0,0,0,0,0,DF,01834aa0
61,Rafael Borré,2023-2024,27,co COL,Werder Bremen,de Bundesliga,19,991,11.0,11,8,1,4,0,4,4,0,0,0,FW,c68da769
62,Anders Børset,2023-2024,17,no NOR,Wolfsburg,de Bundesliga,0,,,0,0,1,,,,,,,,DF,6ace6343
63,Julian Brandt,2023-2024,27,de GER,Dortmund,de Bundesliga,32,2223,24.7,26,6,0,7,11,18,7,0,0,0,MFFW,a167537f
64,Fabian Bredlow,2023-2024,28,de GER,Stuttgart,de Bundesliga,4,360,4.0,4,0,26,0,0,0,0,0,0,0,GK,d28339cb
65,Tim Breithaupt,2023-2024,21,de GER,Augsburg,de Bundesliga,16,629,7.0,6,10,13,0,0,0,0,0,0,0,MF,ed98c321
66,Maximilian Breunig,2023-2024,22,de GER,Freiburg,de Bundesliga,2,9,0.1,0,2,6,0,0,0,0,0,0,0,FW,1e37c986
67,Bennit Bröger,2023-2024,17,de GER,Wolfsburg,de Bundesliga,1,11,0.1,0,1,0,0,0,0,0,0,0,0,FW,2d6b4904
68,John Brooks,2023-2024,30,us USA,Hoffenheim,de Bundesliga,21,1539,17.1,18,3,10,2,0,2,2,0,0,0,DF,e27da244
69,Moritz Broschinski,2023-2024,22,de GER,Bochum,de Bundesliga,26,1247,13.9,14,12,4,2,3,5,2,0,0,0,FW,bbd79358
70,Paris Brunner,2023-2024,17,de GER,Dortmund,de Bundesliga,0,,,0,0,1,,,,,,,,FW,a33ee121
71,Alexander Brunst,2023-2024,28,de GER,Darmstadt 98,de Bundesliga,3,270,3.0,3,0,21,0,0,0,0,0,0,0,GK,99219195
72,Guille Bueno,2023-2024,20,es ESP,Dortmund,de Bundesliga,0,,,0,0,1,,,,,,,,DF,6a133919
73,Marius Bülter,2023-2024,30,de GER,Hoffenheim,de Bundesliga,30,1351,15.0,15,15,1,1,4,5,1,0,0,0,DFFW,ab5b7dc1
74,Jonathan Burkardt,2023-2024,23,de GER,Mainz 05,de Bundesliga,21,1538,17.1,18,3,0,8,2,10,7,1,1,0,FWMF,05f99a4a
75,Oliver Burke,2023-2024,26,sct SCO,Werder Bremen,de Bundesliga,1,32,0.4,0,1,0,0,0,0,0,0,0,0,FW,f631c17f
76,Marnon Busch,2023-2024,28,de GER,Heidenheim,de Bundesliga,16,595,6.6,5,11,5,0,0,0,0,0,0,0,DF,c38767ab
77,Jakob Busk,2023-2024,29,dk DEN,Union Berlin,de Bundesliga,0,,,0,0,6,,,,,,,,GK,bb13d261
78,Aurélio Buta,2023-2024,26,pt POR,Eint Frankfurt,de Bundesliga,30,1744,19.4,20,10,2,1,1,2,1,0,0,0,DFMF,b4705807
79,Anthony Caci,2023-2024,26,fr FRA,Mainz 05,de Bundesliga,31,2486,27.6,29,2,0,2,3,5,2,0,0,0,DF,0118c54c
80,Emre Can,2023-2024,29,de GER,Dortmund,de Bundesliga,25,1953,21.7,22,3,4,2,2,4,0,2,2,0,MFDF,a65ce836
81,Irvin Cardona,2023-2024,25,fr FRA,Augsburg,de Bundesliga,3,54,0.6,0,3,1,0,0,0,0,0,0,0,MFDF,5e080f73
82,Rasmus Carstensen,2023-2024,22,dk DEN,Köln,de Bundesliga,23,1659,18.4,18,5,9,0,0,0,0,0,0,0,DFFW,64d7f629
83,Fabio Carvalho,2023-2024,20,pt POR,RB Leipzig,de Bundesliga,9,165,1.8,1,8,7,0,0,0,0,0,0,0,MF,966e28d0
84,Koen Casteels,2023-2024,31,be BEL,Wolfsburg,de Bundesliga,25,2250,25.0,25,0,0,0,0,0,0,0,0,0,GK,db401046
85,Václav Černý,2023-2024,25,cz CZE,Wolfsburg,de Bundesliga,22,921,10.2,12,10,8,4,1,5,4,0,0,0,FWMF,bb1cf301
86,Julian Chabot,2023-2024,25,de GER,Köln,de Bundesliga,32,2703,30.0,32,0,0,0,0,0,0,0,0,0,DF,ae7058f9
87,El Chadaille Bitshiabu,2023-2024,18,fr FRA,RB Leipzig,de Bundesliga,6,34,0.4,0,6,14,0,0,0,0,0,0,0,DFMF,2180c761
88,Fares Chaïbi,2023-2024,20,dz ALG,Eint Frankfurt,de Bundesliga,28,1912,21.2,21,7,1,2,4,6,2,0,0,0,MFFW,357103bd
89,Timothy Chandler,2023-2024,33,us USA,Eint Frankfurt,de Bundesliga,6,18,0.2,0,6,12,0,1,1,0,0,0,0,MFDF,b3b7f5a6
90,Anrie Chase,2023-2024,19,jp JPN,Stuttgart,de Bundesliga,0,,,0,0,9,,,,,,,,DF,ee2cf168
91,Fabio Chiarodia,2023-2024,18,it ITA,Gladbach,de Bundesliga,7,152,1.7,1,6,17,0,0,0,0,0,0,0,DF,48780156
92,Jacob Christensen,2023-2024,22,dk DEN,Köln,de Bundesliga,7,219,2.4,2,5,14,0,0,0,0,0,0,0,MF,324ff0da
93,Moussa Cissé,2023-2024,20,fr FRA,Stuttgart,de Bundesliga,0,,,0,0,3,,,,,,,,DF,f23db17d
94,David Čolina,2023-2024,23,hr CRO,Augsburg,de Bundesliga,0,,,0,0,3,,,,,,,,DF,dd5bbe0d
95,Nnamdi Collins,2023-2024,19,de GER,Eint Frankfurt,de Bundesliga,2,90,1.0,1,1,3,0,0,0,0,0,0,0,DF,8eb5c94c
96,Kingsley Coman,2023-2024,27,fr FRA,Bayern Munich,de Bundesliga,17,1113,12.4,15,2,1,3,3,6,3,0,0,0,FW,042e8a49
97,Bambasé Conté,2023-2024,20,de GER,Hoffenheim,de Bundesliga,7,48,0.5,0,7,5,0,0,0,0,0,0,0,MFFW,33b38f49
98,Danny da Costa,2023-2024,30,de GER,Mainz 05,de Bundesliga,19,830,9.2,9,10,10,0,1,1,0,0,0,0,DF,5ddb8f9f
99,Nicolas Cozza,2023-2024,24,fr FRA,Wolfsburg,de Bundesliga,6,276,3.1,3,3,8,0,0,0,0,0,0,0,DF,8f325097
100,Tomáš Čvančara,2023-2024,22,cz CZE,Gladbach,de Bundesliga,21,896,10.0,7,14,0,4,1,5,3,1,2,1,FW,298c8aa1
101,Finn Dahmen,2023-2024,25,de GER,Augsburg,de Bundesliga,31,2790,31.0,31,0,0,0,0,0,0,0,0,0,GK,dee3013b
102,Mahmoud Dahoud,2023-2024,27,de GER,Stuttgart,de Bundesliga,13,227,2.5,1,12,2,1,0,1,1,0,0,0,MF,db4ed67b
103,Maxim Dal,2023-2024,17,de GER,Mainz 05,de Bundesliga,0,,,0,0,2,,,,,,,,DF,b185af84
104,Lukas Daschner,2023-2024,24,de GER,Bochum,de Bundesliga,20,536,6.0,3,17,13,1,1,2,1,0,0,0,MFFW,93a8c4f9
105,David Datro Fofana,2023-2024,20,ci CIV,Union Berlin,de Bundesliga,12,682,7.6,8,4,0,1,0,1,1,0,0,0,FWMF,e82900ef
106,Alphonso Davies,2023-2024,22,ca CAN,Bayern Munich,de Bundesliga,29,2065,22.9,24,5,2,2,5,7,2,0,0,0,DF,d781d855
107,David Deger,2023-2024,23,de GER,Augsburg,de Bundesliga,0,,,0,0,1,,,,,,,,MF,9de65094
108,Olivier Deman,2023-2024,23,be BEL,Werder Bremen,de Bundesliga,29,1365,15.2,14,15,1,2,1,3,2,0,0,0,DF,13210854
109,Ermedin Demirović,2023-2024,25,ba BIH,Augsburg,de Bundesliga,33,2873,31.9,33,0,0,15,9,24,12,3,4,1,FWMF,ed79b7d3
110,Sepp van den Berg,2023-2024,21,nl NED,Mainz 05,de Bundesliga,33,2839,31.5,31,2,0,3,0,3,3,0,0,0,DF,7bf9400b
111,Samuele Di Benedetto,2023-2024,18,de GER,Stuttgart,de Bundesliga,1,7,0.1,0,1,2,0,0,0,0,0,0,0,MF,7c254c75
112,Justin Diehl,2023-2024,18,de GER,Köln,de Bundesliga,7,168,1.9,1,6,0,0,0,0,0,0,0,0,FWMF,d82a310a
113,Eric Dier,2023-2024,29,eng ENG,Bayern Munich,de Bundesliga,15,1166,13.0,13,2,3,0,0,0,0,0,0,0,DF,ac861941
114,Florian Dietz,2023-2024,24,de GER,Köln,de Bundesliga,5,70,0.8,0,5,5,0,0,0,0,0,0,0,FWMF,8779ddf8
115,Junior Dina Ebimbe,2023-2024,22,fr FRA,Eint Frankfurt,de Bundesliga,31,1956,21.7,25,6,0,5,3,8,5,0,0,0,MFDF,95bb6ddc
116,Eren Dinkçi,2023-2024,21,de GER,Heidenheim,de Bundesliga,33,2650,29.4,33,0,0,10,5,15,10,0,0,0,FWMF,4ccd8957
117,Ritsu Doan,2023-2024,25,jp JPN,Freiburg,de Bundesliga,30,2246,25.0,26,4,0,7,2,9,7,0,0,0,DFMF,d01bbb6f
118,Danilho Doekhi,2023-2024,25,nl NED,Union Berlin,de Bundesliga,24,2160,24.0,24,0,3,2,0,2,2,0,0,0,DF,f67c9d29
119,Niklas Dorsch,2023-2024,25,de GER,Augsburg,de Bundesliga,21,1386,15.4,16,5,5,0,0,0,0,0,0,0,MF,7f73bdf4
120,Nikola Dovedan,2023-2024,29,at AUT,Heidenheim,de Bundesliga,21,656,7.3,5,16,9,3,1,4,3,0,0,0,MFFW,57d9f511
121,Damion Downs,2023-2024,19,us USA,Köln,de Bundesliga,10,181,2.0,0,10,2,2,0,2,2,0,0,0,FWMF,640134d6
122,Dion Drena Beljo,2023-2024,21,hr CRO,Augsburg,de Bundesliga,26,581,6.5,3,23,5,2,0,2,2,0,0,0,FWMF,9a2e3a23
123,Tim Drexler,2023-2024,18,de GER,Hoffenheim,de Bundesliga,8,573,6.4,6,2,3,0,0,0,0,0,0,0,DF,0911b4fc
124,Marvin Ducksch,2023-2024,29,de GER,Werder Bremen,de Bundesliga,33,2696,30.0,32,1,0,12,9,21,7,5,6,1,FW,638a4d71
125,Julien Duranville,2023-2024,17,be BEL,Dortmund,de Bundesliga,2,12,0.1,0,2,3,0,0,0,0,0,0,0,FWMF,b06a7ae9
126,Yannick Eduardo,2023-2024,17,,RB Leipzig,de Bundesliga,0,,,0,0,2,,,,,,,,FW,345047a0
127,Maximilian Eggestein,2023-2024,26,de GER,Freiburg,de Bundesliga,33,2914,32.4,33,0,0,1,2,3,1,0,0,0,MF,beb882a8
128,Lilian Egloff,2023-2024,20,de GER,Stuttgart,de Bundesliga,5,106,1.2,1,4,7,0,0,0,0,0,0,0,MFDF,2f7fec15
129,Vitus Eicher,2023-2024,32,de GER,Heidenheim,de Bundesliga,0,,,0,0,33,,,,,,,,GK,1f158264
130,Hugo Ekitike,2023-2024,21,fr FRA,Eint Frankfurt,de Bundesliga,14,716,8.0,7,7,0,4,2,6,4,0,0,0,FW,5b92d896
131,Agon Elezi,2023-2024,22,mk MKD,Bochum,de Bundesliga,0,,,0,0,5,,,,,,,,MF,c5af2e95
132,Elif Elmas,2023-2024,23,mk MKD,RB Leipzig,de Bundesliga,14,266,3.0,2,12,3,0,0,0,0,0,0,0,MFFW,cf007308
133,Nico Elvedi,2023-2024,26,ch SUI,Gladbach,de Bundesliga,30,2482,27.6,28,2,1,2,1,3,2,0,0,0,DF,48035304
134,Arne Engels,2023-2024,19,be BEL,Augsburg,de Bundesliga,32,1405,15.6,13,19,0,3,2,5,3,0,0,0,MFDF,554bcc91
135,Michael Esser,2023-2024,35,de GER,Bochum,de Bundesliga,0,,,0,0,1,,,,,,,,GK,83e0eeb4
136,Ohis Felix Uduokhai,2023-2024,25,de GER,Augsburg,de Bundesliga,33,2921,32.5,33,0,0,2,0,2,2,0,0,0,DF,677da306
137,Frank Feller,2023-2024,19,de GER,Heidenheim,de Bundesliga,0,,,0,0,1,,,,,,,,GK,ccd0981f
138,Edimilson Fernandes,2023-2024,27,ch SUI,Mainz 05,de Bundesliga,21,1290,14.3,13,8,5,0,2,2,0,0,0,0,DF,3bb625ac
139,Nacho Ferri,2023-2024,18,es ESP,Eint Frankfurt,de Bundesliga,8,74,0.8,0,8,4,1,0,1,1,0,0,0,FWMF,58468842
140,Max Finkgräfe,2023-2024,19,de GER,Köln,de Bundesliga,24,1756,19.5,18,6,2,1,0,1,1,0,0,0,DFFW,7ebd0896
141,Kilian Fischer,2023-2024,22,de GER,Wolfsburg,de Bundesliga,6,291,3.2,4,2,18,0,0,0,0,0,0,0,DFMF,79f7302a
142,Jonas Föhrenbach,2023-2024,27,de GER,Heidenheim,de Bundesliga,33,2788,31.0,32,1,0,0,0,0,0,0,0,0,DF,1b4be8eb
143,Emil Forsberg,2023-2024,31,se SWE,RB Leipzig,de Bundesliga,14,464,5.2,5,9,2,2,1,3,2,0,1,1,MFFW,9a2e0ccc
144,Philipp Förster,2023-2024,28,de GER,Bochum,de Bundesliga,13,385,4.3,3,10,12,0,0,0,0,0,0,0,MFFW,76fa965f
145,Timothy Fosu-Mensah,2023-2024,25,nl NED,Leverkusen,de Bundesliga,0,,,0,0,7,,,,,,,,DF,a9142dc3
146,Bartol Franjić,2023-2024,23,hr CRO,Darmstadt 98,de Bundesliga,20,1229,13.7,14,6,6,0,1,1,0,0,0,0,MF,697dc00a
147,Marco Friedl,2023-2024,25,at AUT,Werder Bremen,de Bundesliga,25,2197,24.4,25,0,0,1,0,1,1,0,0,0,DF,f86ad3f5
148,Marvin Friedrich,2023-2024,27,de GER,Gladbach,de Bundesliga,24,1566,17.4,17,7,9,0,0,0,0,0,0,0,DF,b77f44a4
149,Jeremie Frimpong,2023-2024,22,nl NED,Leverkusen,de Bundesliga,31,2251,25.0,27,4,2,9,7,16,9,0,0,0,DF,74f2e748
150,Chris Führich,2023-2024,25,de GER,Stuttgart,de Bundesliga,34,2567,28.5,33,1,0,8,7,15,8,0,1,1,FWMF,0cf778df
151,Shiō Fukuda,2023-2024,19,jp JPN,Gladbach,de Bundesliga,5,36,0.4,0,5,1,0,0,0,0,0,0,0,FWMF,056a8552
152,Taichi Fukui,2023-2024,19,jp JPN,Bayern Munich,de Bundesliga,0,,,0,0,1,,,,,,,,MF,8441729d
153,Niclas Füllkrug,2023-2024,30,de GER,2 Teams,de Bundesliga,31,2392,26.6,29,2,2,12,8,20,9,3,3,0,FW,4f16405e
154,Cristian Gamboa,2023-2024,33,cr CRC,Bochum,de Bundesliga,22,1187,13.2,12,10,10,0,1,1,0,0,0,0,DF,f27680d9
155,Dennis Geiger,2023-2024,25,de GER,Hoffenheim,de Bundesliga,3,64,0.7,0,3,1,0,0,0,0,0,0,0,MF,37f606f0
156,Yannick Gerhardt,2023-2024,29,de GER,Wolfsburg,de Bundesliga,25,1630,18.1,18,7,5,2,1,3,2,0,0,0,MFDF,62ab9184
157,Anwar El Ghazi,2023-2024,28,nl NED,Mainz 05,de Bundesliga,3,54,0.6,0,3,0,0,1,1,0,0,0,0,MFDF,ffa90327
158,Benedikt Gimber,2023-2024,26,de GER,Heidenheim,de Bundesliga,24,2021,22.5,24,0,5,1,1,2,1,0,0,0,DF,e5f76710
159,Matthias Ginter,2023-2024,29,de GER,Freiburg,de Bundesliga,23,1913,21.3,22,1,0,0,2,2,0,0,0,0,DF,f521b80a
160,Jamie Gittens,2023-2024,18,eng ENG,Dortmund,de Bundesliga,25,1058,11.8,14,11,9,1,4,5,1,0,0,0,FWMF,10745192
161,Klaus Gjasula,2023-2024,33,al ALB,Darmstadt 98,de Bundesliga,22,1363,15.1,17,5,5,0,0,0,0,0,0,0,DFMF,431c837b
162,Serge Gnabry,2023-2024,28,de GER,Bayern Munich,de Bundesliga,10,432,4.8,5,5,3,3,1,4,3,0,0,0,FWMF,88e357ef
163,Leon Goretzka,2023-2024,28,de GER,Bayern Munich,de Bundesliga,30,2241,24.9,25,5,0,6,7,13,6,0,0,0,MF,cc86b9a3
164,Robin Gosens,2023-2024,29,de GER,Union Berlin,de Bundesliga,30,2283,25.4,27,3,0,6,3,9,6,0,0,0,DFMF,2d970560
165,Mario Götze,2023-2024,31,de GER,Eint Frankfurt,de Bundesliga,30,2068,23.0,23,7,1,3,2,5,3,0,0,0,MF,9efa1d25
166,Jeffrey Gouweleeuw,2023-2024,32,nl NED,Augsburg,de Bundesliga,30,2593,28.8,29,1,0,1,0,1,1,0,0,0,DF,1025db8e
167,Jens Grahl,2023-2024,34,de GER,Eint Frankfurt,de Bundesliga,2,180,2.0,2,0,32,0,1,1,0,0,0,0,GK,f26dee6b
168,Ryan Gravenberch,2023-2024,21,nl NED,Bayern Munich,de Bundesliga,1,10,0.1,0,1,1,0,0,0,0,0,0,0,FW,b8e740fb
169,Michael Gregoritsch,2023-2024,29,at AUT,Freiburg,de Bundesliga,32,1682,18.7,19,13,0,7,4,11,7,0,0,0,FW,8e235926
170,Vincenzo Grifo,2023-2024,30,it ITA,Freiburg,de Bundesliga,32,2325,25.8,29,3,2,8,8,16,2,6,6,0,MFFW,54e4866f
171,Florian Grillitsch,2023-2024,27,at AUT,Hoffenheim,de Bundesliga,30,2295,25.5,25,5,0,1,6,7,1,0,0,0,DFMF,ffbbc83b
172,Álex Grimaldo,2023-2024,27,es ESP,Leverkusen,de Bundesliga,33,2784,30.9,31,2,0,10,13,23,10,0,0,0,DF,b1f4086c
173,Christian Groß,2023-2024,34,de GER,Werder Bremen,de Bundesliga,20,797,8.9,8,12,11,0,1,1,0,0,0,0,DFMF,14a7af33
174,Brajan Gruda,2023-2024,19,de GER,Mainz 05,de Bundesliga,28,1641,18.2,19,9,1,4,3,7,4,0,0,0,MFFW,ae9b998d
175,Ilia Gruev,2023-2024,23,bg BUL,Werder Bremen,de Bundesliga,1,4,0.0,0,1,1,0,0,0,0,0,0,0,MF,1fc4f3d1
176,Raphaël Guerreiro,2023-2024,29,pt POR,Bayern Munich,de Bundesliga,20,1191,13.2,13,7,2,3,0,3,3,0,0,0,DFMF,048a1cbc
177,Josuha Guilavogui,2023-2024,32,fr FRA,Mainz 05,de Bundesliga,11,409,4.5,5,6,12,0,1,1,0,0,0,0,DF,e6c43eec
178,Serhou Guirassy,2023-2024,27,gn GUI,Stuttgart,de Bundesliga,28,2208,24.5,25,3,0,28,3,31,24,4,4,0,FW,923f4dda
179,Péter Gulácsi,2023-2024,33,hu HUN,RB Leipzig,de Bundesliga,13,1170,13.0,13,0,16,0,0,0,0,0,0,0,GK,bcb2ccd8
180,Manuel Gulde,2023-2024,32,de GER,Freiburg,de Bundesliga,27,2047,22.7,23,4,5,1,0,1,1,0,0,0,DF,25ab9c9c
181,Robert Gumny,2023-2024,25,pl POL,Augsburg,de Bundesliga,13,481,5.3,6,7,10,0,0,0,0,0,0,0,DF,1df0c0b9
182,Christian Günter,2023-2024,30,de GER,Freiburg,de Bundesliga,15,1060,11.8,13,2,1,1,2,3,1,0,0,0,DF,8593f88c
183,Janik Haberer,2023-2024,29,de GER,Union Berlin,de Bundesliga,21,1221,13.6,14,7,7,1,1,2,1,0,0,0,MFDF,70dcf94d
184,Robin Hack,2023-2024,24,de GER,Gladbach,de Bundesliga,29,1348,15.0,14,15,3,10,2,12,10,0,0,0,FWMF,0174ba21
185,Eduardo Dos Santos Haesler,2023-2024,24,de GER,Werder Bremen,de Bundesliga,0,,,0,0,9,,,,,,,,GK,1b9a46d1
186,Amadou Haidara,2023-2024,25,ml MLI,RB Leipzig,de Bundesliga,21,1526,17.0,19,2,2,2,1,3,2,0,0,0,MF,92432bc6
187,Sébastien Haller,2023-2024,29,ci CIV,Dortmund,de Bundesliga,14,396,4.4,5,9,3,0,1,1,0,0,0,0,FW,ba115a40
188,Andreas Hanche-Olsen,2023-2024,26,no NOR,Mainz 05,de Bundesliga,15,992,11.0,12,3,0,1,0,1,1,0,0,0,DF,2e77d607
189,Isak Hansen-Aarøen,2023-2024,18,no NOR,Werder Bremen,de Bundesliga,3,27,0.3,0,3,7,0,0,0,0,0,0,0,MF,4f96ed39
190,Genki Haraguchi,2023-2024,32,jp JPN,Stuttgart,de Bundesliga,2,27,0.3,0,2,24,0,0,0,0,0,0,0,MF,f24ea523
191,Makoto Hasebe,2023-2024,39,jp JPN,Eint Frankfurt,de Bundesliga,8,218,2.4,2,6,23,0,0,0,0,0,0,0,DFMF,9ab16552
192,Daniel Hausmann,2023-2024,20,de GER,Augsburg,de Bundesliga,0,,,0,0,2,,,,,,,,MF,24c920d0
193,Thorgan Hazard,2023-2024,30,be BEL,Dortmund,de Bundesliga,1,7,0.1,0,1,1,0,0,0,0,0,0,0,DF,50871bcc
194,Dominique Heintz,2023-2024,29,de GER,Köln,de Bundesliga,12,568,6.3,6,6,19,0,0,0,0,0,0,0,DF,699fb8db
195,Benjamin Henrichs,2023-2024,26,de GER,RB Leipzig,de Bundesliga,33,2526,28.1,28,5,0,1,5,6,1,0,0,0,DF,0a89e877
196,Patrick Herrmann,2023-2024,32,de GER,Gladbach,de Bundesliga,8,86,1.0,0,8,21,0,0,0,0,0,0,0,FWDF,dfb6490a
197,Piero Hincapié,2023-2024,21,ec ECU,Leverkusen,de Bundesliga,26,1484,16.5,16,10,5,1,2,3,1,0,0,0,DF,0c7a48f8
198,Adam Hložek,2023-2024,21,cz CZE,Leverkusen,de Bundesliga,23,459,5.1,5,18,7,2,3,5,2,0,0,0,MFFW,5521f419
199,Nicolas Höfler,2023-2024,33,de GER,Freiburg,de Bundesliga,28,2330,25.9,26,2,0,1,1,2,1,0,0,0,MF,5d8e331f
200,Jonas Hofmann,2023-2024,31,de GER,Leverkusen,de Bundesliga,32,2204,24.5,26,6,1,5,7,12,5,0,0,0,MF,2903a856
201,Philipp Hofmann,2023-2024,30,de GER,Bochum,de Bundesliga,29,1571,17.5,18,11,2,4,2,6,4,0,0,0,FW,877bc844
202,Lucas Höler,2023-2024,29,de GER,Freiburg,de Bundesliga,33,2305,25.6,26,7,0,7,2,9,6,1,2,1,FWMF,ca618d23
203,Fabian Holland,2023-2024,33,de GER,Darmstadt 98,de Bundesliga,23,1835,20.4,23,0,0,0,2,2,0,0,0,0,MFDF,017018d1
204,Benedict Hollerbach,2023-2024,22,de GER,Union Berlin,de Bundesliga,28,1282,14.2,15,13,5,5,0,5,5,0,0,0,FWMF,2a158218
205,Gerrit Holtmann,2023-2024,28,ph PHI,Darmstadt 98,de Bundesliga,10,392,4.4,2,8,1,0,0,0,0,0,0,0,MFFW,2979c05a
206,Franck Honorat,2023-2024,26,fr FRA,Gladbach,de Bundesliga,32,2345,26.1,28,4,0,3,9,12,3,0,0,0,DFFW,db7849ca
207,Mathias Honsak,2023-2024,26,at AUT,Darmstadt 98,de Bundesliga,23,1021,11.3,10,13,0,1,1,2,1,0,0,0,FWMF,3dbdbb6a
208,Fraser Hornby,2023-2024,23,sct SCO,Darmstadt 98,de Bundesliga,7,217,2.4,1,6,1,0,0,0,0,0,0,0,FWMF,29aee77c
209,Lukáš Hrádecký,2023-2024,33,fi FIN,Leverkusen,de Bundesliga,33,2970,33.0,33,0,1,0,0,0,0,0,0,0,GK,ad3389d5
210,Timo Hübers,2023-2024,27,de GER,Köln,de Bundesliga,31,2778,30.9,31,0,0,0,0,0,0,0,0,0,DF,94302c52
211,Tom Hülsmann,2023-2024,19,de GER,Bayern Munich,de Bundesliga,0,,,0,0,2,,,,,,,,GK,c709c3c7
212,Mats Hummels,2023-2024,34,de GER,Dortmund,de Bundesliga,25,1581,17.6,20,5,4,3,0,3,3,0,0,0,DF,05d548d8
213,Denis Huseinbasic,2023-2024,22,ba BIH,Köln,de Bundesliga,26,1627,18.1,18,8,6,0,3,3,0,0,0,0,MF,b116c6e3
214,Iago,2023-2024,26,br BRA,Augsburg,de Bundesliga,23,1622,18.0,18,5,0,1,1,2,1,0,0,0,DF,054849d2
215,Borja Iglesias,2023-2024,30,es ESP,Leverkusen,de Bundesliga,7,256,2.8,2,5,4,0,0,0,0,0,0,0,FW,75645f0e
216,Joel Imasuen,2023-2024,18,us USA,Werder Bremen,de Bundesliga,1,2,0.0,0,1,1,0,0,0,0,0,0,0,FW,fb6316d5
217,Thomas Isherwood,2023-2024,25,se SWE,Darmstadt 98,de Bundesliga,12,636,7.1,8,4,14,0,0,0,0,0,0,0,DF,2be28a0c
218,Ko Itakura,2023-2024,26,jp JPN,Gladbach,de Bundesliga,20,1596,17.7,18,2,0,3,0,3,3,0,0,0,DFMF,97d545ae
219,Hiroki Ito,2023-2024,24,jp JPN,Stuttgart,de Bundesliga,26,2228,24.8,25,1,0,0,2,2,0,0,0,0,DF,204dded0
220,Ken Izekor,2023-2024,16,de GER,Leverkusen,de Bundesliga,0,,,0,0,2,,,,,,,,FW,ce129ae6
221,Lee Jae-sung,2023-2024,30,kr KOR,Mainz 05,de Bundesliga,29,2113,23.5,24,5,0,6,3,9,6,0,0,0,MFFW,34b0387f
222,Paul Jaeckel,2023-2024,25,de GER,Union Berlin,de Bundesliga,6,234,2.6,2,4,19,0,0,0,0,0,0,0,DF,a93b6f4e
223,Kristijan Jakić,2023-2024,26,hr CRO,2 Teams,de Bundesliga,18,1251,13.9,14,4,2,2,1,3,2,0,0,0,MF,a8ee54ad
224,Luka Janes,2023-2024,19,de GER,Heidenheim,de Bundesliga,0,,,0,0,5,,,,,,,,MF,f9d2f75b
225,Tony Jantschke,2023-2024,33,de GER,Gladbach,de Bundesliga,4,27,0.3,0,4,8,0,0,0,0,0,0,0,DFMF,34b54da7
226,Seedy Jarju,2023-2024,18,gm GAM,Heidenheim,de Bundesliga,0,,,0,0,1,,,,,,,,DF,601459e1
227,Nuha Jatta,2023-2024,17,gm GAM,RB Leipzig,de Bundesliga,1,1,0.0,0,1,2,0,0,0,0,0,0,0,FW,039f01a9
228,Fredrik Jensen,2023-2024,25,fi FIN,Augsburg,de Bundesliga,22,1338,14.9,18,4,2,2,4,6,2,0,0,0,MFFW,3eeb80e0
229,Moritz Jenz,2023-2024,24,de GER,Wolfsburg,de Bundesliga,22,1742,19.4,21,1,6,0,1,1,0,0,0,0,DF,ee644761
230,Ryan Johansson,2023-2024,22,ie IRL,Freiburg,de Bundesliga,0,,,0,0,2,,,,,,,,MF,93750f7d
231,Anthony Jung,2023-2024,31,de GER,Werder Bremen,de Bundesliga,31,2579,28.7,30,1,1,1,0,1,1,0,0,0,DF,de838f86
232,Josip Juranović,2023-2024,27,hr CRO,Union Berlin,de Bundesliga,21,1294,14.4,14,7,3,0,2,2,0,0,1,1,DF,0a084b35
233,David Jurásek,2023-2024,22,cz CZE,Hoffenheim,de Bundesliga,13,496,5.5,4,9,3,0,1,1,0,0,0,0,DF,d7a03bf3
234,Julian Justvan,2023-2024,25,de GER,2 Teams,de Bundesliga,18,1072,11.9,11,7,2,2,2,4,2,0,0,0,FWMF,ab1a72b4
235,Ozan Kabak,2023-2024,23,tr TUR,Hoffenheim,de Bundesliga,28,2282,25.4,28,0,1,4,0,4,4,0,0,0,DF,2d61d13a
236,Pavel Kadeřábek,2023-2024,31,cz CZE,Hoffenheim,de Bundesliga,29,2412,26.8,28,1,0,3,4,7,3,0,0,0,DFFW,79c90e45
237,Florian Kainz,2023-2024,30,at AUT,Köln,de Bundesliga,33,2197,24.4,29,4,1,5,4,9,0,5,5,0,MFFW,94c18565
238,Sasa Kalajdzic,2023-2024,26,at AUT,Eint Frankfurt,de Bundesliga,5,325,3.6,5,0,0,0,1,1,0,0,0,0,FW,15f24fe7
239,Jakub Kamiński,2023-2024,21,pl POL,Wolfsburg,de Bundesliga,17,473,5.3,4,13,12,0,2,2,0,0,0,0,FWMF,202b3b68
240,Kevin Kampl,2023-2024,32,si SVN,RB Leipzig,de Bundesliga,26,1363,15.1,14,12,7,1,0,1,1,0,0,0,MF,b825a650
241,Harry Kane,2023-2024,30,eng ENG,Bayern Munich,de Bundesliga,32,2839,31.5,32,0,0,36,8,44,31,5,5,0,FW,21a66f6a
242,Atakan Karazor,2023-2024,26,,Stuttgart,de Bundesliga,33,2623,29.1,31,2,0,0,4,4,0,0,0,0,MF,5762be5c
243,Emir Karic,2023-2024,26,at AUT,Darmstadt 98,de Bundesliga,27,1783,19.8,18,9,2,0,0,0,0,0,0,0,DF,7bbb0ac4
244,Thomas Kastanaras,2023-2024,20,gr GRE,Stuttgart,de Bundesliga,0,,,0,0,2,,,,,,,,FW,778ccc44
245,Silas Katompa,2023-2024,24,cd COD,Stuttgart,de Bundesliga,27,900,10.0,8,19,1,5,2,7,5,0,1,1,FWMF,de4cac2d
246,Mikkel Kaufmann,2023-2024,22,dk DEN,Union Berlin,de Bundesliga,18,486,5.4,4,14,6,1,0,1,1,0,0,0,FW,6e269dd3
247,Naby Keïta,2023-2024,28,gn GUI,Werder Bremen,de Bundesliga,5,109,1.2,1,4,7,0,0,0,0,0,0,0,MFDF,f25c8e3a
248,Yannik Keitel,2023-2024,23,de GER,Freiburg,de Bundesliga,15,920,10.2,11,4,10,1,0,1,1,0,0,0,DFMF,d2c580ce
249,Thomas Keller,2023-2024,23,de GER,Heidenheim,de Bundesliga,2,2,0.0,0,2,4,0,0,0,0,0,0,0,MFFW,285c7011
250,Aljoscha Kemlein,2023-2024,18,de GER,Union Berlin,de Bundesliga,2,29,0.3,0,2,4,0,0,0,0,0,0,0,MF,4658e309
251,Tobias Kempe,2023-2024,34,de GER,Darmstadt 98,de Bundesliga,24,1350,15.0,15,9,5,3,2,5,0,3,3,0,MF,d7cdfd81
252,Rani Khedira,2023-2024,29,de GER,Union Berlin,de Bundesliga,20,1343,14.9,18,2,1,0,0,0,0,0,0,0,MF,59e4b92e
253,Luca Kilian,2023-2024,23,de GER,Köln,de Bundesliga,13,635,7.1,6,7,12,0,0,0,0,0,0,0,DF,610aa1e9
254,Joshua Kimmich,2023-2024,28,de GER,Bayern Munich,de Bundesliga,28,2176,24.2,27,1,0,1,6,7,1,0,0,0,MFDF,49296448
255,Christoph Klarer,2023-2024,23,at AUT,Darmstadt 98,de Bundesliga,30,2354,26.2,28,2,1,2,2,4,2,0,0,0,DF,144e8717
256,Tim Kleindienst,2023-2024,27,de GER,Heidenheim,de Bundesliga,33,2869,31.9,33,0,0,12,3,15,10,2,2,0,FW,258a6f4d
257,Niklas Klinger,2023-2024,27,de GER,Wolfsburg,de Bundesliga,0,,,0,0,7,,,,,,,,GK,74d654b4
258,Lukas Klostermann,2023-2024,27,de GER,RB Leipzig,de Bundesliga,25,1436,16.0,16,9,4,1,0,1,1,0,0,0,DF,ca8033cb
259,Ansgar Knauff,2023-2024,21,de GER,Eint Frankfurt,de Bundesliga,31,2109,23.4,24,7,1,7,2,9,7,0,0,0,MFDF,19a967ab
260,Robin Knoche,2023-2024,31,de GER,Union Berlin,de Bundesliga,24,1917,21.3,20,4,7,1,0,1,1,0,1,1,DF,6bd5cd5d
261,Matthias Köbbing,2023-2024,26,de GER,Köln,de Bundesliga,0,,,0,0,10,,,,,,,,GK,56478677
262,Gregor Kobel,2023-2024,25,ch SUI,Dortmund,de Bundesliga,27,2365,26.3,27,0,0,0,0,0,0,0,0,0,GK,cd59b9df
263,Robin Koch,2023-2024,27,de GER,Eint Frankfurt,de Bundesliga,31,2738,30.4,31,0,0,2,0,2,2,0,0,0,DF,ea6bc03a
264,Tim Köhler,2023-2024,18,de GER,RB Leipzig,de Bundesliga,0,,,0,0,1,,,,,,,,DF,02ffe576
265,Dominik Kohr,2023-2024,29,de GER,Mainz 05,de Bundesliga,31,2184,24.3,27,4,0,1,0,1,1,0,0,0,DFMF,0fbecd11
266,Randal Kolo Muani,2023-2024,24,fr FRA,Eint Frankfurt,de Bundesliga,2,153,1.7,2,0,0,1,0,1,1,0,0,0,FW,c0b3669f
267,Mert Kömür,2023-2024,18,de GER,Augsburg,de Bundesliga,4,118,1.3,1,3,8,1,0,1,1,0,0,0,MFDF,ec68a918
268,Manu Koné,2023-2024,22,fr FRA,Gladbach,de Bundesliga,22,1561,17.3,18,4,1,1,0,1,1,0,0,0,MF,86574238
269,Odilon Kossounou,2023-2024,22,ci CIV,Leverkusen,de Bundesliga,22,1811,20.1,21,1,7,1,0,1,1,0,0,0,DF,1f3afdcb
270,Tomáš Koubek,2023-2024,30,cz CZE,Augsburg,de Bundesliga,3,270,3.0,3,0,31,0,0,0,0,0,0,0,GK,dc366c36
271,Matej Kovar,2023-2024,23,cz CZE,Leverkusen,de Bundesliga,1,90,1.0,1,0,32,0,0,0,0,0,0,0,GK,bc67a0e1
272,Dawid Kownacki,2023-2024,26,pl POL,Werder Bremen,de Bundesliga,22,380,4.2,3,19,10,0,0,0,0,0,0,0,FW,be5e1c4c
273,Alex Král,2023-2024,25,cz CZE,Union Berlin,de Bundesliga,24,1370,15.2,13,11,6,0,0,0,0,0,0,0,MF,e717705a
274,Andrej Kramarić,2023-2024,32,hr CRO,Hoffenheim,de Bundesliga,30,2199,24.4,25,5,1,15,6,21,10,5,5,0,MFFW,603cb947
275,Christoph Kramer,2023-2024,32,de GER,Gladbach,de Bundesliga,14,249,2.8,1,13,6,0,0,0,0,0,0,0,MF,496aeede
276,Frans Krätzig,2023-2024,20,de GER,Bayern Munich,de Bundesliga,4,56,0.6,0,4,16,0,0,0,0,0,0,0,DF,1fc08838
277,Tom Krauß,2023-2024,22,de GER,Mainz 05,de Bundesliga,29,1346,15.0,13,16,3,1,2,3,1,0,0,0,MF,9f77012e
278,Lukas Kübler,2023-2024,30,de GER,Freiburg,de Bundesliga,26,1847,20.5,22,4,3,1,0,1,1,0,0,0,DF,2a29eb9b
279,Mahmut Kücüksahin,2023-2024,19,,Augsburg,de Bundesliga,1,1,0.0,0,1,0,0,0,0,0,0,0,0,MF,5c954071
280,Christian Kühlwetter,2023-2024,27,de GER,Heidenheim,de Bundesliga,1,8,0.1,0,1,8,0,1,1,0,0,0,0,MF,2a73f18d
281,Moritz-Broni Kwarteng,2023-2024,25,gh GHA,Bochum,de Bundesliga,11,281,3.1,2,9,6,0,1,1,0,0,0,0,FW,1e2057aa
282,Maxence Lacroix,2023-2024,23,fr FRA,Wolfsburg,de Bundesliga,28,2362,26.2,27,1,0,4,1,5,4,0,0,0,DF,277c49ed
283,Aïssa Laïdouni,2023-2024,26,tn TUN,Union Berlin,de Bundesliga,23,1071,11.9,10,13,7,0,3,3,0,0,0,0,MF,22798128
284,Konrad Laimer,2023-2024,26,at AUT,Bayern Munich,de Bundesliga,29,1772,19.7,18,11,1,0,3,3,0,0,0,0,DFMF,c1b7847c
285,Stefan Lainer,2023-2024,30,at AUT,Gladbach,de Bundesliga,15,751,8.3,8,7,2,0,1,1,0,0,0,0,DFMF,4aea5077
286,Hugo Larsson,2023-2024,19,se SWE,Eint Frankfurt,de Bundesliga,29,1886,21.0,21,8,1,2,1,3,2,0,0,0,MF,00c9a283
287,Diogo Leite,2023-2024,24,pt POR,Union Berlin,de Bundesliga,32,2702,30.0,31,1,0,0,0,0,0,0,0,0,DF,c4987edc
288,Maxim Leitsch,2023-2024,25,de GER,Mainz 05,de Bundesliga,7,379,4.2,4,3,1,0,0,0,0,0,0,0,DF,7e12a98d
289,Christopher Lenz,2023-2024,28,de GER,2 Teams,de Bundesliga,6,57,0.6,0,6,21,0,0,0,0,0,0,0,DFMF,bbd86530
290,Jamie Leweling,2023-2024,22,de GER,Stuttgart,de Bundesliga,34,1523,16.9,17,17,0,4,4,8,4,0,0,0,FWMF,13fe7b69
291,Philipp Lienhart,2023-2024,27,at AUT,Freiburg,de Bundesliga,15,1265,14.1,14,1,1,1,0,1,1,0,0,0,DF,302527b2
292,Matthijs de Ligt,2023-2024,23,nl NED,Bayern Munich,de Bundesliga,22,1390,15.4,16,6,4,2,0,2,2,0,0,0,DF,d6e53a3a
293,Dimitris Limnios,2023-2024,25,gr GRE,Köln,de Bundesliga,0,,,0,0,4,,,,,,,,FWMF,62c7067a
294,Jesper Lindstrøm,2023-2024,23,dk DEN,Eint Frankfurt,de Bundesliga,1,83,0.9,1,0,1,0,0,0,0,0,0,0,FW,37dc1a48
295,Dejan Ljubicic,2023-2024,25,at AUT,Köln,de Bundesliga,26,2048,22.8,24,2,0,0,2,2,0,0,0,0,MFFW,c455a2b2
296,Niklas Lomb,2023-2024,30,de GER,Leverkusen,de Bundesliga,0,,,0,0,2,,,,,,,,GK,9321b8ed
297,Noah Loosli,2023-2024,26,ch SUI,Bochum,de Bundesliga,10,346,3.8,2,8,16,0,0,0,0,0,0,0,DF,5dbfd101
298,Jakob Löpping,2023-2024,20,de GER,Werder Bremen,de Bundesliga,0,,,0,0,1,,,,,,,,MF,3ef54db3
299,Anthony Losilla,2023-2024,37,fr FRA,Bochum,de Bundesliga,31,2576,28.6,31,0,0,1,2,3,1,0,0,0,MF,07c7eb0c
300,Marcel Lotka,2023-2024,22,pl POL,Dortmund,de Bundesliga,0,,,0,0,7,,,,,,,,GK,5584552e
301,Castello Lukeba,2023-2024,20,fr FRA,RB Leipzig,de Bundesliga,32,2191,24.3,24,8,2,1,0,1,1,0,0,0,DF,5b9512c5
302,Andreas Luthe,2023-2024,36,de GER,Bochum,de Bundesliga,1,90,1.0,1,0,11,0,0,0,0,0,0,0,GK,7fe12375
303,Senne Lynen,2023-2024,24,be BEL,Werder Bremen,de Bundesliga,32,1797,20.0,20,12,1,0,3,3,0,0,0,0,MF,0ed60738
304,Marcel Łubik,2023-2024,19,pl POL,Augsburg,de Bundesliga,0,,,0,0,3,,,,,,,,GK,0f0bc968
305,Ian Maatsen,2023-2024,21,nl NED,Dortmund,de Bundesliga,16,1264,14.0,15,1,0,2,2,4,2,0,0,0,DF,cab9634e
306,Matej Maglica,2023-2024,24,hr CRO,Darmstadt 98,de Bundesliga,26,1698,18.9,21,5,1,1,0,1,1,0,0,0,DF,36cf2caf
307,Arne Maier,2023-2024,24,de GER,Augsburg,de Bundesliga,22,1003,11.1,10,12,5,2,4,6,2,0,0,0,MF,ab700320
308,Linton Maina,2023-2024,24,de GER,Köln,de Bundesliga,31,1901,21.1,21,10,0,1,3,4,1,0,0,0,FWMF,e5d85da8
309,Patrick Mainka,2023-2024,28,de GER,Heidenheim,de Bundesliga,34,3060,34.0,34,0,0,2,0,2,2,0,0,0,DF,dd9caa07
310,Lovro Majer,2023-2024,25,hr CRO,Wolfsburg,de Bundesliga,32,2106,23.4,25,7,2,5,5,10,3,2,2,0,MFFW,fc46aab1
311,Jordy Makengo,2023-2024,21,fr FRA,Freiburg,de Bundesliga,20,1026,11.4,10,10,7,0,0,0,0,0,0,0,DF,14b09c41
312,Julián Malatini,2023-2024,22,ar ARG,Werder Bremen,de Bundesliga,11,602,6.7,6,5,6,1,0,1,1,0,0,0,DF,8b84b707
313,Donyell Malen,2023-2024,24,nl NED,Dortmund,de Bundesliga,27,1781,19.8,21,6,2,13,1,14,13,0,0,0,FWMF,116c35df
314,Lennard Maloney,2023-2024,23,us USA,Heidenheim,de Bundesliga,29,2284,25.4,27,2,0,1,1,2,1,0,0,0,MF,75402e99
315,David Mamutovic,2023-2024,22,de GER,Mainz 05,de Bundesliga,2,11,0.1,0,2,16,0,0,0,0,0,0,0,FWDF,7c24eaf8
316,Braydon Manu,2023-2024,26,gh GHA,Darmstadt 98,de Bundesliga,4,171,1.9,3,1,0,0,0,0,0,0,0,0,MF,e9a97974
317,Omar Marmoush,2023-2024,24,eg EGY,Eint Frankfurt,de Bundesliga,29,2301,25.6,27,2,0,12,6,18,10,2,2,0,FWMF,0e0102eb
318,Eric Martel,2023-2024,21,de GER,Köln,de Bundesliga,30,2457,27.3,29,1,0,1,1,2,1,0,0,0,MF,92a16062
319,Erhan Mašović,2023-2024,24,rs SRB,Bochum,de Bundesliga,29,2219,24.7,24,5,3,0,0,0,0,0,0,0,DFMF,a396fb61
320,Roberto Massimo,2023-2024,22,de GER,Stuttgart,de Bundesliga,5,84,0.9,0,5,7,0,0,0,0,0,0,0,FWDF,fc62fdf4
321,Jean Mattéo Bahoya,2023-2024,18,fr FRA,Eint Frankfurt,de Bundesliga,8,177,2.0,1,7,1,0,0,0,0,0,0,0,MFFW,70d4c949
322,Philipp Max,2023-2024,29,de GER,Eint Frankfurt,de Bundesliga,23,1350,15.0,17,6,11,1,2,3,1,0,0,0,DF,826e8b63
323,Eric Maxim Choupo-Moting,2023-2024,34,cm CMR,Bayern Munich,de Bundesliga,27,717,8.0,7,20,5,2,2,4,2,0,0,0,MFFW,0e6bc38c
324,Noussair Mazraoui,2023-2024,25,ma MAR,Bayern Munich,de Bundesliga,19,1197,13.3,15,4,2,0,3,3,0,0,0,0,DF,b74277a0
325,Joakim Mæhle,2023-2024,26,dk DEN,Wolfsburg,de Bundesliga,30,2452,27.2,27,3,1,2,3,5,2,0,0,0,DFMF,c459a650
326,Kevin Mbabu,2023-2024,28,ch SUI,Augsburg,de Bundesliga,25,2047,22.7,22,3,1,0,2,2,0,0,0,0,DF,493924a7
327,Noah Mbamba,2023-2024,18,be BEL,Leverkusen,de Bundesliga,3,16,0.2,0,3,13,0,1,1,0,0,0,0,MF,e75129bd
328,Nathanael Mbuku,2023-2024,21,cd COD,Augsburg,de Bundesliga,1,5,0.1,0,1,5,0,0,0,0,0,0,0,FW,46750e9c
329,Marvin Mehlem,2023-2024,25,de GER,Darmstadt 98,de Bundesliga,20,1482,16.5,19,1,1,3,2,5,3,0,0,0,MF,10876d02
330,Thomas Meunier,2023-2024,31,be BEL,Dortmund,de Bundesliga,8,586,6.5,7,1,2,0,0,0,0,0,0,0,DF,e162b013
331,Alexander Meyer,2023-2024,32,de GER,Dortmund,de Bundesliga,8,695,7.7,7,1,26,0,0,0,0,0,0,0,GK,b56dd813
332,Sven Michel,2023-2024,33,de GER,Augsburg,de Bundesliga,22,583,6.5,5,17,8,2,1,3,1,1,2,1,FWMF,1e274a0a
333,Enzo Millot,2023-2024,21,fr FRA,Stuttgart,de Bundesliga,31,2241,24.9,27,4,1,5,4,9,4,1,1,0,MFFW,f76022e7
334,Jovan Milošević,2023-2024,18,rs SRB,Stuttgart,de Bundesliga,5,28,0.3,0,5,10,0,0,0,0,0,0,0,FWMF,fdbe14c8
335,Kim Min-jae,2023-2024,26,kr KOR,Bayern Munich,de Bundesliga,25,1970,21.9,22,3,3,1,1,2,1,0,0,0,DF,e0f8151c
336,Maximilian Mittelstädt,2023-2024,26,de GER,Stuttgart,de Bundesliga,31,2103,23.4,23,8,2,2,4,6,2,0,0,0,DF,88d4144a
337,Marko Mladenović,2023-2024,18,rs SRB,Eint Frankfurt,de Bundesliga,1,6,0.1,0,1,0,0,0,0,0,0,0,0,MF,6510ee8d
338,Max Moerstedt,2023-2024,,de GER,Hoffenheim,de Bundesliga,1,12,0.1,0,1,3,0,0,0,0,0,0,0,DFFW,710045fb
339,Mateu Morey,2023-2024,23,es ESP,Dortmund,de Bundesliga,3,110,1.2,2,1,11,0,0,0,0,0,0,0,DF,5fd5e542
340,Ilaix Moriba,2023-2024,20,gn GUI,RB Leipzig,de Bundesliga,0,,,0,0,6,,,,,,,,MF,f4c69aa6
341,Youssoufa Moukoko,2023-2024,18,de GER,Dortmund,de Bundesliga,20,625,6.9,4,16,10,5,0,5,5,0,0,0,FW,6ce43701
342,Andreas Müller,2023-2024,23,de GER,Darmstadt 98,de Bundesliga,11,349,3.9,2,9,11,0,0,0,0,0,0,0,MF,2244908c
343,Florian Müller,2023-2024,25,de GER,Freiburg,de Bundesliga,0,,,0,0,34,,,,,,,,GK,cbac6ec9
344,Jannik Müller,2023-2024,29,de GER,Darmstadt 98,de Bundesliga,16,1134,12.6,12,4,11,0,0,0,0,0,0,0,DFMF,796a5f30
345,Kevin Müller,2023-2024,32,de GER,Heidenheim,de Bundesliga,34,3060,34.0,34,0,0,0,0,0,0,0,0,0,GK,f256f213
346,Marcus Müller,2023-2024,20,de GER,Mainz 05,de Bundesliga,1,18,0.2,0,1,2,0,0,0,0,0,0,0,MF,3c151571
347,Thomas Müller,2023-2024,33,de GER,Bayern Munich,de Bundesliga,31,1654,18.4,20,11,3,5,9,14,5,0,0,0,MFFW,3c6089ab
348,Tim Müller,2023-2024,18,de GER,Mainz 05,de Bundesliga,0,,,0,0,2,,,,,,,,DF,5869758d
349,Reno Münz,2023-2024,17,de GER,Leverkusen,de Bundesliga,0,,,0,0,2,,,,,,,,DF,2a231b6b
350,Jamal Musiala,2023-2024,20,de GER,Bayern Munich,de Bundesliga,24,1755,19.5,20,4,1,10,5,15,10,0,0,0,MFFW,2c0558b8
351,Florent Muslija,2023-2024,25,xk KVX,Freiburg,de Bundesliga,10,105,1.2,0,10,6,0,0,0,0,0,0,0,MFFW,ae961785
352,Phillipp Mwene,2023-2024,29,at AUT,Mainz 05,de Bundesliga,23,1996,22.2,23,0,2,1,2,3,1,0,0,0,DF,2ff76adc
353,Nathan N'Goumou,2023-2024,23,fr FRA,Gladbach,de Bundesliga,32,1385,15.4,14,18,2,5,2,7,5,0,0,0,FWMF,e110ea4b
354,Stanley N'Soki,2023-2024,24,fr FRA,Hoffenheim,de Bundesliga,11,631,7.0,7,4,3,0,0,0,0,0,0,0,DF,61590953
355,Luca Netz,2023-2024,20,de GER,Gladbach,de Bundesliga,30,2225,24.7,25,5,1,0,4,4,0,0,0,0,DF,e79269bd
356,Manuel Neuer,2023-2024,37,de GER,Bayern Munich,de Bundesliga,23,2053,22.8,23,0,0,0,0,0,0,0,0,0,GK,8778c910
357,Florian Neuhaus,2023-2024,26,de GER,Gladbach,de Bundesliga,25,1224,13.6,15,10,7,4,2,6,3,1,1,0,MF,36a59ba4
358,Jessic Ngankam,2023-2024,23,de GER,2 Teams,de Bundesliga,22,464,5.2,4,18,6,0,0,0,0,0,1,1,FWMF,bc249af8
359,Moritz Nicolas,2023-2024,25,de GER,Gladbach,de Bundesliga,27,2430,27.0,27,0,7,0,0,0,0,0,0,0,GK,226ddf9d
360,Justin Njinmah,2023-2024,22,de GER,Werder Bremen,de Bundesliga,24,1016,11.3,10,14,2,6,2,8,6,0,0,0,FW,a45241d5
361,Noel Nkili,2023-2024,17,de GER,Bayern Munich,de Bundesliga,0,,,0,0,3,,,,,,,,MF,445dff99
362,Niels Nkounkou,2023-2024,22,fr FRA,Eint Frankfurt,de Bundesliga,29,1309,14.5,13,16,2,3,2,5,3,0,0,0,DFMF,f5b281e7
363,Felix Nmecha,2023-2024,22,de GER,Dortmund,de Bundesliga,20,1021,11.3,10,10,0,1,2,3,1,0,0,0,MF,091c86e2
364,Lukas Nmecha,2023-2024,24,de GER,Wolfsburg,de Bundesliga,3,42,0.5,0,3,0,1,0,1,1,0,0,0,FW,0cc5f4a5
365,Nahuel Noll,2023-2024,20,de GER,Hoffenheim,de Bundesliga,0,,,0,0,7,,,,,,,,GK,c7d84763
366,Jonathan Norbye,2023-2024,16,no NOR,RB Leipzig,de Bundesliga,1,1,0.0,0,1,0,0,0,0,0,0,0,0,MF,ef97654b
367,Hugo Novoa,2023-2024,20,es ESP,RB Leipzig,de Bundesliga,0,,,0,0,1,,,,,,,,MF,5458f670
368,Alexander Nübel,2023-2024,26,de GER,Stuttgart,de Bundesliga,30,2700,30.0,30,0,0,0,0,0,0,0,0,0,GK,afb0c500
369,Kasim Nuhu,2023-2024,28,gh GHA,Hoffenheim,de Bundesliga,1,5,0.1,0,1,7,0,0,0,0,0,0,0,DF,93a50d2c
370,Fabian Nürnberger,2023-2024,24,bg BUL,Darmstadt 98,de Bundesliga,21,1513,16.8,17,4,0,1,1,2,1,0,0,0,DFMF,178018f9
371,Tim Oermann,2023-2024,19,de GER,Bochum,de Bundesliga,16,714,7.9,8,8,2,0,0,0,0,0,0,0,DF,57ec75bf
372,Oluwaseun Ogbemudia,2023-2024,17,de GER,Union Berlin,de Bundesliga,0,,,0,0,2,,,,,,,,DF,0664b57f
373,Masaya Okugawa,2023-2024,27,jp JPN,Augsburg,de Bundesliga,2,32,0.4,0,2,3,0,0,0,0,0,0,0,FWDF,63b9cc6d
374,Finn Ole Becker,2023-2024,23,de GER,Hoffenheim,de Bundesliga,22,606,6.7,5,17,10,0,0,0,0,0,0,0,MF,dd2e62da
375,Mathias Olesen,2023-2024,22,lu LUX,Köln,de Bundesliga,6,112,1.2,0,6,2,0,0,0,0,0,0,0,MFFW,86adbcc7
376,Dani Olmo,2023-2024,25,es ESP,RB Leipzig,de Bundesliga,21,1449,16.1,17,4,0,4,5,9,4,0,0,0,MF,ae44e8e2
377,Jan Olschowsky,2023-2024,21,de GER,Gladbach,de Bundesliga,0,,,0,0,23,,,,,,,,GK,fa4cabd1
378,Jonas Omlin,2023-2024,29,ch SUI,Gladbach,de Bundesliga,7,630,7.0,7,0,1,0,1,1,0,0,0,0,GK,c631f952
379,Karim Onisiwo,2023-2024,31,at AUT,Mainz 05,de Bundesliga,24,1493,16.6,17,7,2,1,3,4,1,0,0,0,FWMF,f26834c7
380,Francis Onyeka,2023-2024,16,de GER,Leverkusen,de Bundesliga,0,,,0,0,2,,,,,,,,FW,88d7a0d3
381,Loïs Openda,2023-2024,23,be BEL,RB Leipzig,de Bundesliga,34,2697,30.0,33,1,0,24,7,31,22,2,3,1,FW,8652a85c
382,Leon Opitz,2023-2024,18,de GER,Werder Bremen,de Bundesliga,3,18,0.2,0,3,11,0,0,0,0,0,0,0,FWDF,319fa018
383,Willi Orban,2023-2024,30,hu HUN,RB Leipzig,de Bundesliga,19,1582,17.6,18,1,0,0,0,0,0,0,0,0,DF,20030c06
384,Ivan Ordets,2023-2024,31,ua UKR,Bochum,de Bundesliga,24,1880,20.9,21,3,2,1,0,1,1,0,0,0,DF,86c75897
385,Jordi Osei-Tutu,2023-2024,24,eng ENG,Bochum,de Bundesliga,0,,,0,0,1,,,,,,,,DFMF,0a16eb36
386,Patrick Osterhage,2023-2024,23,de GER,Bochum,de Bundesliga,24,1861,20.7,21,3,3,2,1,3,2,0,0,0,MF,9662c9ec
387,Salih Özcan,2023-2024,25,tr TUR,Dortmund,de Bundesliga,23,1184,13.2,13,10,9,0,0,0,0,0,0,0,MF,15413fa5
388,Willian Pacho,2023-2024,21,ec ECU,Eint Frankfurt,de Bundesliga,33,2970,33.0,33,0,0,0,3,3,0,0,0,0,DF,ecbe2839
389,Gonçalo Paciência,2023-2024,28,pt POR,Bochum,de Bundesliga,19,650,7.2,6,13,8,3,1,4,3,0,0,0,FWMF,962e54cb
390,Exequiel Palacios,2023-2024,24,ar ARG,Leverkusen,de Bundesliga,24,1831,20.3,21,3,3,4,4,8,2,2,2,0,MF,e82adcab
391,Miloš Pantović,2023-2024,27,rs SRB,Union Berlin,de Bundesliga,1,15,0.2,0,1,0,1,0,1,1,0,0,0,MF,5dc15574
392,Antonios Papadopoulos,2023-2024,23,de GER,Dortmund,de Bundesliga,2,117,1.3,1,1,3,0,0,0,0,0,0,0,DF,13d23b29
393,Merveille Papela,2023-2024,22,de GER,Mainz 05,de Bundesliga,11,257,2.9,3,8,19,0,0,0,0,0,0,0,MFDF,b4b08774
394,Leart Paqarada,2023-2024,28,xk KVX,Köln,de Bundesliga,17,1075,11.9,11,6,8,0,0,0,0,0,0,0,DF,82bfc14d
395,Kevin Paredes,2023-2024,20,us USA,Wolfsburg,de Bundesliga,28,1432,15.9,15,13,3,3,0,3,3,0,0,0,FWMF,5c50fdbc
396,Felix Passlack,2023-2024,25,de GER,Bochum,de Bundesliga,15,960,10.7,13,2,11,2,2,4,2,0,0,0,DF,5c899683
397,Raul Paula,2023-2024,19,de GER,Stuttgart,de Bundesliga,0,,,0,0,4,,,,,,,,MF,6e05b753
398,Benjamin Pavard,2023-2024,27,fr FRA,Bayern Munich,de Bundesliga,0,,,0,0,1,,,,,,,,DF,45a03961
399,Jiří Pavlenka,2023-2024,31,cz CZE,Werder Bremen,de Bundesliga,7,630,7.0,7,0,17,0,0,0,0,0,0,0,GK,0a1cb833
400,Aleksandar Pavlovic,2023-2024,19,de GER,Bayern Munich,de Bundesliga,19,1227,13.6,14,5,6,2,2,4,2,0,0,0,MF,2658c82f
401,Kristian Pedersen,2023-2024,28,dk DEN,Köln,de Bundesliga,0,,,0,0,1,,,,,,,,DFMF,5154b2ba
402,Mads Pedersen,2023-2024,26,dk DEN,Augsburg,de Bundesliga,27,1786,19.8,19,8,3,1,1,2,1,0,0,0,DF,582a5247
403,Jordan Pefok,2023-2024,27,us USA,2 Teams,de Bundesliga,26,1447,16.1,18,8,2,5,3,8,5,0,0,0,FW,b684a484
404,Dženan Pejčinović,2023-2024,18,de GER,Wolfsburg,de Bundesliga,4,37,0.4,0,4,4,0,0,0,0,0,0,0,FW,80f252f6
405,Philipp Pentke,2023-2024,38,de GER,Köln,de Bundesliga,0,,0.0,0,0,24,0,0,0,0,0,0,0,GK,c41f7379
406,Daniel Peretz,2023-2024,23,il ISR,Bayern Munich,de Bundesliga,1,17,0.2,0,1,13,0,0,0,0,0,0,0,GK,3f29b3ba
407,Matteo Perez Vinlöf,2023-2024,17,se SWE,Bayern Munich,de Bundesliga,1,16,0.2,0,1,1,0,0,0,0,0,0,0,FW,7c762839
408,Pavao Pervan,2023-2024,35,at AUT,Wolfsburg,de Bundesliga,9,810,9.0,9,0,25,0,0,0,0,0,0,0,GK,c89e8aae
409,Jens Petter Hauge,2023-2024,23,no NOR,Eint Frankfurt,de Bundesliga,10,147,1.6,0,10,4,0,0,0,0,0,0,0,MFFW,12c35abe
410,Luca Pfeiffer,2023-2024,26,de GER,Darmstadt 98,de Bundesliga,24,1619,18.0,20,4,6,1,4,5,1,0,0,0,FWMF,83e1f40e
411,Patric Pfeiffer,2023-2024,23,de GER,Augsburg,de Bundesliga,11,511,5.7,4,7,11,0,1,1,0,0,0,0,DF,d07d0aeb
412,Luca Philipp,2023-2024,22,de GER,Hoffenheim,de Bundesliga,0,,0.0,0,0,26,0,0,0,0,0,0,0,GK,eb3e717e
413,Maximilian Philipp,2023-2024,29,de GER,Freiburg,de Bundesliga,17,323,3.6,1,16,7,1,0,1,1,0,0,0,FWMF,061e8e23
414,Florian Pick,2023-2024,27,de GER,Heidenheim,de Bundesliga,22,327,3.6,1,21,12,0,1,1,0,0,0,0,MFFW,00e36323
415,Amos Pieper,2023-2024,25,de GER,Werder Bremen,de Bundesliga,7,590,6.6,7,0,5,0,0,0,0,0,0,0,DF,526ea7cc
416,Marvin Pieringer,2023-2024,23,de GER,Heidenheim,de Bundesliga,31,1513,16.8,18,13,0,3,3,6,3,0,0,0,MFFW,11407d95
417,Alassane Pléa,2023-2024,30,fr FRA,Gladbach,de Bundesliga,27,1913,21.3,24,3,0,7,4,11,6,1,1,0,FWMF,bc6bd723
418,Ole Pohlmann,2023-2024,22,de GER,Dortmund,de Bundesliga,2,54,0.6,0,2,3,0,0,0,0,0,0,0,MF,822b83e8
419,Sebastian Polter,2023-2024,32,de GER,Darmstadt 98,de Bundesliga,9,446,5.0,4,5,0,0,1,1,0,0,0,0,FW,3745e8bd
420,Yussuf Poulsen,2023-2024,29,dk DEN,RB Leipzig,de Bundesliga,28,1217,13.5,12,16,3,5,2,7,5,0,0,0,FW,d2416c2e
421,Grischa Prömel,2023-2024,28,de GER,Hoffenheim,de Bundesliga,28,2139,23.8,27,1,0,4,5,9,4,0,0,0,MF,924f9191
422,Gustavo Puerta,2023-2024,20,co COL,Leverkusen,de Bundesliga,7,46,0.5,0,7,21,0,0,0,0,0,0,0,DFMF,2c08cab0
423,Joshua Quarshie,2023-2024,19,de GER,Hoffenheim,de Bundesliga,0,,,0,0,1,,,,,,,,MF,3c200e05
424,Luca Raimund,2023-2024,18,de GER,Stuttgart,de Bundesliga,3,30,0.3,0,3,8,0,0,0,0,0,0,0,FWMF,df1665d7
425,Grant Ranos,2023-2024,20,am ARM,Gladbach,de Bundesliga,9,49,0.5,0,9,11,0,0,0,0,0,0,0,MFFW,0ee6ea6a
426,Nicolai Rapp,2023-2024,26,de GER,Werder Bremen,de Bundesliga,2,76,0.8,1,1,9,0,0,0,0,0,0,0,DF,c8b3a472
427,David Raum,2023-2024,25,de GER,RB Leipzig,de Bundesliga,31,2739,30.4,31,0,2,2,8,10,2,0,0,0,DF,7d450ed3
428,Rocco Reitz,2023-2024,21,de GER,Gladbach,de Bundesliga,34,2136,23.7,24,10,0,6,3,9,6,0,0,0,MF,cc971106
429,Marco Reus,2023-2024,34,de GER,Dortmund,de Bundesliga,26,1601,17.8,18,8,6,6,8,14,6,0,0,0,MFFW,36a3ff67
430,Elvis Rexhbeçaj,2023-2024,25,xk KVX,Augsburg,de Bundesliga,25,1985,22.1,24,1,1,2,0,2,1,1,1,0,MF,1ae836b1
431,Gio Reyna,2023-2024,20,us USA,Dortmund,de Bundesliga,11,280,3.1,1,10,4,0,0,0,0,0,0,0,MFFW,7fa4e703
432,Marco Richter,2023-2024,25,de GER,Mainz 05,de Bundesliga,20,717,8.0,7,13,9,1,0,1,1,0,0,0,MFFW,f972644c
433,Clemens Riedel,2023-2024,20,de GER,Darmstadt 98,de Bundesliga,14,755,8.4,9,5,6,0,0,0,0,0,0,0,DF,77cfae67
434,Manuel Riemann,2023-2024,34,de GER,Bochum,de Bundesliga,33,2970,33.0,33,0,0,0,0,0,0,0,0,0,GK,9f941969
435,Lasse Rieß,2023-2024,22,de GER,Mainz 05,de Bundesliga,0,,,0,0,21,,,,,,,,GK,25877714
436,Cimo Röcker,2023-2024,29,de GER,Werder Bremen,de Bundesliga,0,,,0,0,11,,,,,,,,DF,611b1aae
437,Sebastian Rode,2023-2024,32,de GER,Eint Frankfurt,de Bundesliga,8,61,0.7,1,7,0,0,0,0,0,0,0,0,MF,e12b0b5b
438,Rogério,2023-2024,25,br BRA,Wolfsburg,de Bundesliga,13,906,10.1,10,3,3,1,0,1,1,0,0,0,DF,10e7f486
439,Merlin Röhl,2023-2024,21,de GER,Freiburg,de Bundesliga,24,1477,16.4,17,7,3,2,4,6,2,0,0,0,MFFW,1f2c7b55
440,Hugo Rölleke,2023-2024,18,de GER,Bochum,de Bundesliga,0,,,0,0,2,,,,,,,,GK,842023c5
441,Moritz Römling,2023-2024,22,de GER,Bochum,de Bundesliga,0,,,0,0,2,,,,,,,,FW,b5f8aae9
442,Frank Ronstadt,2023-2024,26,de GER,Darmstadt 98,de Bundesliga,4,76,0.8,0,4,2,0,0,0,0,0,0,0,DFMF,51d29173
443,Max Rosenfelder,2023-2024,20,de GER,Freiburg,de Bundesliga,0,,,0,0,1,,,,,,,,DF,b6ceba6b
444,Anthony Rouault,2023-2024,22,fr FRA,Stuttgart,de Bundesliga,22,1010,11.2,11,11,4,0,2,2,0,0,0,0,DF,9b545925
445,Jérôme Roussillon,2023-2024,30,fr FRA,Union Berlin,de Bundesliga,23,752,8.4,8,15,3,0,1,1,0,0,0,0,DF,13203c45
446,Frederik Rønnow,2023-2024,30,dk DEN,Union Berlin,de Bundesliga,33,2970,33.0,33,0,0,0,0,0,0,0,0,0,GK,a70b8345
447,Fabian Rüdlin,2023-2024,26,de GER,Freiburg,de Bundesliga,1,7,0.1,0,1,7,0,0,0,0,0,0,0,MF,96cfb5e2
448,Julian Ryerson,2023-2024,25,no NOR,Dortmund,de Bundesliga,21,1767,19.6,20,1,3,4,1,5,4,0,0,0,DF,009a4f60
449,Marcel Sabitzer,2023-2024,29,at AUT,Dortmund,de Bundesliga,25,1961,21.8,23,2,2,4,3,7,3,1,1,0,MF,e280527c
450,Roland Sallai,2023-2024,26,hu HUN,Freiburg,de Bundesliga,27,1840,20.4,22,5,0,3,2,5,3,0,1,1,MFFW,bf075f6b
451,Diadie Samassékou,2023-2024,27,ml MLI,Hoffenheim,de Bundesliga,1,1,0.0,0,1,10,0,0,0,0,0,0,0,MF,08593525
452,Jadon Sancho,2023-2024,23,eng ENG,Dortmund,de Bundesliga,14,947,10.5,11,3,2,2,2,4,2,0,0,0,FWMF,dbf053da
453,Leroy Sané,2023-2024,27,de GER,Bayern Munich,de Bundesliga,27,2137,23.7,25,2,0,8,11,19,8,0,0,0,FW,2b114be3
454,Mohamed Sankoh,2023-2024,19,nl NED,Stuttgart,de Bundesliga,0,,,0,0,1,,,,,,,,FW,be625686
455,Kauã Santos,2023-2024,20,br BRA,Eint Frankfurt,de Bundesliga,0,,,0,0,2,,,,,,,,GK,c7c50cb5
456,Amin Sarr,2023-2024,22,se SWE,Wolfsburg,de Bundesliga,14,386,4.3,2,12,6,0,0,0,0,0,0,0,FWMF,d5326924
457,Bouna Sarr,2023-2024,31,sn SEN,Bayern Munich,de Bundesliga,2,106,1.2,1,1,8,0,0,0,0,0,0,0,DF,1a4b9094
458,Kein Sato,2023-2024,22,jp JPN,Werder Bremen,de Bundesliga,0,,,0,0,3,,,,,,,,FW,b4e90a02
459,Joe Scally,2023-2024,20,us USA,Gladbach,de Bundesliga,31,2236,24.8,25,6,3,1,4,5,1,0,0,0,DF,236f02cd
460,András Schäfer,2023-2024,24,hu HUN,Union Berlin,de Bundesliga,20,1214,13.5,14,6,0,1,2,3,1,0,0,0,MF,049751d7
461,Patrik Schick,2023-2024,27,cz CZE,Leverkusen,de Bundesliga,20,1063,11.8,12,8,4,7,0,7,6,1,1,0,FW,5d4f7d61
462,Stefan Schimmer,2023-2024,29,de GER,Heidenheim,de Bundesliga,16,153,1.7,0,16,18,0,1,1,0,0,0,0,MFFW,395bbb60
463,Xaver Schlager,2023-2024,25,at AUT,RB Leipzig,de Bundesliga,29,2477,27.5,29,0,0,0,5,5,0,0,0,0,MF,8f056768
464,Tim Schleinitz,2023-2024,18,de GER,Union Berlin,de Bundesliga,0,,,0,0,1,,,,,,,,MF,77e4e9a1
465,Keven Schlotterbeck,2023-2024,26,de GER,2 Teams,de Bundesliga,27,2185,24.3,24,3,3,5,1,6,5,0,0,0,DF,f6bdc830
466,Nico Schlotterbeck,2023-2024,23,de GER,Dortmund,de Bundesliga,33,2859,31.8,32,1,1,2,1,3,2,0,0,0,DF,34e12499
467,Romano Schmid,2023-2024,23,at AUT,Werder Bremen,de Bundesliga,33,2601,28.9,30,3,0,4,6,10,4,0,0,0,MFFW,220ace7e
468,Kenneth Schmidt,2023-2024,21,de GER,Freiburg,de Bundesliga,5,68,0.8,0,5,7,0,0,0,0,0,0,0,DF,7d31f1cb
469,Benno Schmitz,2023-2024,28,de GER,Köln,de Bundesliga,22,1155,12.8,13,9,8,0,1,1,0,0,0,0,DF,ad00b1a8
470,Fabian Schnellhardt,2023-2024,29,de GER,Darmstadt 98,de Bundesliga,10,235,2.6,2,8,13,0,0,0,0,0,0,0,MF,8575037f
471,Florian Schock,2023-2024,22,de GER,Stuttgart,de Bundesliga,0,,,0,0,3,,,,,,,,GK,14abb0e6
472,Max Scholze,2023-2024,18,de GER,Bayern Munich,de Bundesliga,0,,,0,0,1,,,,,,,,FW,2cddbf88
473,Jan Schöppner,2023-2024,24,de GER,Heidenheim,de Bundesliga,26,1998,22.2,23,3,8,2,2,4,2,0,0,0,MF,932bfcac
474,Marcel Schuhen,2023-2024,30,de GER,Darmstadt 98,de Bundesliga,31,2790,31.0,31,0,2,0,0,0,0,0,0,0,GK,5fa2e0cf
475,Philipp Schulze,2023-2024,20,de GER,Wolfsburg,de Bundesliga,0,,,0,0,4,,,,,,,,GK,f79759b4
476,Marvin Schwäbe,2023-2024,28,de GER,Köln,de Bundesliga,34,3060,34.0,34,0,0,0,0,0,0,0,0,0,GK,87436846
477,Alexander Schwolow,2023-2024,31,de GER,Union Berlin,de Bundesliga,1,90,1.0,1,0,28,0,0,0,0,0,0,0,GK,0d55d942
478,Dennis Seimen,2023-2024,17,de GER,Stuttgart,de Bundesliga,0,,,0,0,6,,,,,,,,GK,2b1e148e
479,Nicolas Seiwald,2023-2024,22,at AUT,RB Leipzig,de Bundesliga,21,718,8.0,6,15,13,0,2,2,0,0,0,0,MF,28c6e925
480,Davie Selke,2023-2024,28,de GER,Köln,de Bundesliga,19,1265,14.1,16,3,1,6,0,6,6,0,0,0,FW,1238a3f9
481,Benjamin Šeško,2023-2024,20,si SVN,RB Leipzig,de Bundesliga,31,1526,17.0,17,14,2,14,2,16,14,0,0,0,FW,3260690c
482,Kevin Sessa,2023-2024,23,de GER,Heidenheim,de Bundesliga,30,1011,11.2,7,23,2,3,0,3,3,0,0,0,MFFW,fd82af8c
483,Aaron Seydel,2023-2024,27,de GER,Darmstadt 98,de Bundesliga,16,619,6.9,5,11,2,1,0,1,1,0,0,0,FW,85b6462d
484,Tim Siersleben,2023-2024,23,de GER,Heidenheim,de Bundesliga,14,910,10.1,10,4,19,0,0,0,0,0,0,0,DF,f761c901
485,Kiliann Sildillia,2023-2024,21,fr FRA,Freiburg,de Bundesliga,27,1806,20.1,20,7,4,0,1,1,0,0,0,0,DF,313254a3
486,Mohamed Simakan,2023-2024,23,fr FRA,RB Leipzig,de Bundesliga,32,2138,23.8,23,9,0,2,3,5,2,0,0,0,DF,fcb27134
487,Simon Simoni,2023-2024,19,al ALB,Eint Frankfurt,de Bundesliga,0,,,0,0,1,,,,,,,,GK,7c0a8d2f
488,Xavi Simons,2023-2024,20,nl NED,RB Leipzig,de Bundesliga,32,2653,29.5,32,0,0,8,11,19,7,1,2,1,MF,da4d670f
489,Tobias Sippel,2023-2024,35,de GER,Gladbach,de Bundesliga,0,,,0,0,4,,,,,,,,GK,0d8a37c2
490,Tim Skarke,2023-2024,26,de GER,Darmstadt 98,de Bundesliga,30,2404,26.7,29,1,0,8,0,8,8,0,0,0,FWDF,65857fdf
491,Ellyes Skhiri,2023-2024,28,tn TUN,Eint Frankfurt,de Bundesliga,27,2168,24.1,24,3,0,2,2,4,2,0,0,0,MF,c2211709
492,Robert Skov,2023-2024,27,dk DEN,Hoffenheim,de Bundesliga,25,1260,14.0,14,11,6,3,4,7,3,0,0,0,DFFW,ff98492b
493,Hrvoje Smolčić,2023-2024,22,hr CRO,Eint Frankfurt,de Bundesliga,11,347,3.9,3,8,20,1,0,1,1,0,0,0,DF,c967f6b8
494,Danilo Soares,2023-2024,31,br BRA,Bochum,de Bundesliga,5,351,3.9,3,2,11,0,0,0,0,0,0,0,DF,c05f2f8c
495,Borna Sosa,2023-2024,25,hr CRO,Stuttgart,de Bundesliga,2,46,0.5,0,2,0,0,0,0,0,0,0,0,FWDF,af0d79a9
496,Anton Stach,2023-2024,24,de GER,2 Teams,de Bundesliga,33,2491,27.7,28,5,0,2,3,5,2,0,0,0,MF,0f59a7bf
497,Jens Stage,2023-2024,26,dk DEN,Werder Bremen,de Bundesliga,30,2327,25.9,26,4,0,3,1,4,3,0,0,0,MF,1fffae99
498,Josip Stanišić,2023-2024,23,hr CRO,Leverkusen,de Bundesliga,20,1261,14.0,13,7,12,3,1,4,3,0,0,0,DF,7ed08d5c
499,Niklas Stark,2023-2024,28,de GER,Werder Bremen,de Bundesliga,17,1088,12.1,12,5,3,2,0,2,2,0,0,0,DF,aad48be9
500,Pascal Stenzel,2023-2024,27,de GER,Stuttgart,de Bundesliga,23,1064,11.8,14,9,9,0,5,5,0,0,0,0,DF,99f7e9aa
501,Leonidas Stergiou,2023-2024,21,ch SUI,Stuttgart,de Bundesliga,15,594,6.6,6,9,17,1,0,1,1,0,0,0,DF,08391d76
502,Angelo Stiller,2023-2024,22,de GER,2 Teams,de Bundesliga,32,2778,30.9,31,1,0,1,5,6,1,0,0,0,MF,3b1ed320
503,Kevin Stöger,2023-2024,29,at AUT,Bochum,de Bundesliga,32,2668,29.6,32,0,0,7,10,17,3,4,4,0,MF,e5649a78
504,Filip Stojilković,2023-2024,23,ch SUI,Darmstadt 98,de Bundesliga,6,154,1.7,0,6,2,0,0,0,0,0,0,0,FWMF,0cbe584d
505,Niklas Süle,2023-2024,27,de GER,Dortmund,de Bundesliga,23,1514,16.8,14,9,9,1,0,1,1,0,0,0,DF,e33c06cf
506,Mattias Svanberg,2023-2024,24,se SWE,Wolfsburg,de Bundesliga,25,1715,19.1,20,5,4,1,3,4,1,0,0,0,MF,92d83c27
507,Attila Szalai,2023-2024,25,hu HUN,2 Teams,de Bundesliga,7,391,4.3,4,3,26,0,0,0,0,0,0,0,DF,50ff205b
508,Jonathan Tah,2023-2024,27,de GER,Leverkusen,de Bundesliga,31,2631,29.2,30,1,2,4,1,5,4,0,0,0,DF,bd142efb
509,Japhet Tanganga,2023-2024,24,eng ENG,Augsburg,de Bundesliga,0,,,0,0,1,,,,,,,,DF,e9971f2d
510,Edmond Tapsoba,2023-2024,24,bf BFA,Leverkusen,de Bundesliga,28,2087,23.2,23,5,2,0,1,1,0,0,0,0,DF,a73c8f95
511,Mathys Tel,2023-2024,18,fr FRA,Bayern Munich,de Bundesliga,30,1050,11.7,6,24,4,7,5,12,7,0,0,0,FWMF,829aa60c
512,Nathan Tella,2023-2024,24,ng NGA,Leverkusen,de Bundesliga,24,819,9.1,8,16,8,5,2,7,5,0,0,0,DFMF,f1e94cd6
513,Norman Theuerkauf,2023-2024,36,de GER,Heidenheim,de Bundesliga,25,1259,14.0,14,11,8,0,1,1,0,0,0,0,MFDF,0cbf4c54
514,Niclas Thiede,2023-2024,24,de GER,Bochum,de Bundesliga,0,,,0,0,20,,,,,,,,GK,cac55e10
515,Jan Thielmann,2023-2024,21,de GER,Köln,de Bundesliga,22,1579,17.5,20,2,1,1,0,1,1,0,0,0,FWDF,fd53759d
516,Denis Thomalla,2023-2024,30,de GER,Heidenheim,de Bundesliga,21,446,5.0,3,18,5,0,0,0,0,0,0,0,MFFW,b9ac6e0e
517,Phillip Tietz,2023-2024,26,de GER,Augsburg,de Bundesliga,34,2382,26.5,31,3,0,8,4,12,8,0,0,0,FW,3397e7b5
518,Steffen Tigges,2023-2024,25,de GER,Köln,de Bundesliga,25,727,8.1,6,19,4,3,0,3,3,0,0,0,FW,6b8887c2
519,Umut Tohumcu,2023-2024,18,de GER,Hoffenheim,de Bundesliga,20,1011,11.2,12,8,6,0,2,2,0,0,0,0,MF,e547d3cf
520,Tiago Tomás,2023-2024,21,pt POR,Wolfsburg,de Bundesliga,26,1032,11.5,11,15,2,1,1,2,1,0,0,0,FWMF,b492126a
521,Fabio Torsiello,2023-2024,18,it ITA,Darmstadt 98,de Bundesliga,10,156,1.7,1,9,7,0,0,0,0,0,0,0,FWDF,9b5d89b3
522,Lucas Tousart,2023-2024,26,fr FRA,Union Berlin,de Bundesliga,23,1572,17.5,18,5,3,0,0,0,0,0,0,0,MF,71ec39ef
523,Omar Traoré,2023-2024,25,de GER,Heidenheim,de Bundesliga,31,2472,27.5,29,2,1,0,2,2,0,0,0,0,DF,f44e8a73
524,Kevin Trapp,2023-2024,33,de GER,Eint Frankfurt,de Bundesliga,32,2880,32.0,32,0,0,0,0,0,0,0,0,0,GK,ce17b5eb
525,Christopher Trimmel,2023-2024,36,at AUT,Union Berlin,de Bundesliga,26,1646,18.3,19,7,6,0,2,2,0,0,0,0,DF,056d2d95
526,Tuta,2023-2024,24,br BRA,Eint Frankfurt,de Bundesliga,30,2600,28.9,30,0,1,1,2,3,1,0,0,0,DF,35d64857
527,Lukas Ullrich,2023-2024,19,de GER,Gladbach,de Bundesliga,4,47,0.5,0,4,2,0,0,0,0,0,0,0,DFFW,d646c218
528,Sven Ulreich,2023-2024,34,de GER,Bayern Munich,de Bundesliga,11,990,11.0,11,0,21,0,0,0,0,0,0,0,GK,7d3e7da6
529,Deniz Undav,2023-2024,27,de GER,Stuttgart,de Bundesliga,30,2089,23.2,23,7,0,18,10,28,18,0,1,1,FWMF,dd549382
530,Dayot Upamecano,2023-2024,24,fr FRA,Bayern Munich,de Bundesliga,25,1762,19.6,19,6,3,1,0,1,1,0,0,0,DF,d248cd8f
531,Mark Uth,2023-2024,31,de GER,Köln,de Bundesliga,11,373,4.1,3,8,2,0,1,1,0,0,0,0,MFFW,a3ddb1b9
532,Josha Vagnoman,2023-2024,22,de GER,Stuttgart,de Bundesliga,18,1183,13.1,12,6,0,2,2,4,2,0,0,0,DF,fb377d11
533,Ruben Vargas,2023-2024,24,ch SUI,Augsburg,de Bundesliga,31,1962,21.8,25,6,0,4,5,9,4,0,0,0,MFFW,6ecbddf6
534,Miloš Veljković,2023-2024,27,rs SRB,Werder Bremen,de Bundesliga,23,1920,21.3,21,2,1,2,1,3,2,0,0,0,DF,a5ae8f8e
535,Yorbe Vertessen,2023-2024,22,be BEL,Union Berlin,de Bundesliga,13,593,6.6,7,6,2,3,2,5,3,0,0,0,FWMF,e8ef59da
536,Oscar Vilhelmsson,2023-2024,19,se SWE,Darmstadt 98,de Bundesliga,26,1374,15.3,16,10,2,4,1,5,4,0,0,0,FWMF,e7f4869a
537,Kevin Vogt,2023-2024,31,de GER,2 Teams,de Bundesliga,32,2642,29.4,30,2,0,0,0,0,0,0,0,0,DF,1d8e9add
538,Kevin Volland,2023-2024,31,de GER,Union Berlin,de Bundesliga,26,1345,14.9,17,9,1,3,4,7,1,2,3,1,FWMF,64f69877
539,Aster Vranckx,2023-2024,20,be BEL,Wolfsburg,de Bundesliga,24,1153,12.8,12,12,3,0,0,0,0,0,0,0,MF,f86cd5df
540,Simon Walde,2023-2024,18,de GER,Gladbach,de Bundesliga,0,,,0,0,3,,,,,,,,DF,2dfb482b
541,Luca Waldschmidt,2023-2024,27,de GER,Köln,de Bundesliga,22,1146,12.7,14,8,0,3,0,3,3,0,1,1,MFFW,e5a35ae9
542,Kjell-Arik Wätjen,2023-2024,17,de GER,Dortmund,de Bundesliga,2,105,1.2,1,1,3,0,1,1,0,0,0,0,MFFW,0e006cae
543,Wout Weghorst,2023-2024,30,nl NED,Hoffenheim,de Bundesliga,28,1977,22.0,24,4,1,7,3,10,6,1,1,0,FW,c4e87b8b
544,Julian Weigl,2023-2024,27,de GER,Gladbach,de Bundesliga,31,2764,30.7,31,0,0,2,3,5,0,2,2,0,MF,346d51d9
545,Nelson Weiper,2023-2024,18,de GER,Mainz 05,de Bundesliga,5,124,1.4,1,4,2,0,0,0,0,0,0,0,FWMF,231c67ff
546,Mitchell Weiser,2023-2024,29,de GER,Werder Bremen,de Bundesliga,30,2636,29.3,30,0,1,3,7,10,3,0,0,0,DFMF,30c220c3
547,Noah Weißhaupt,2023-2024,21,de GER,Freiburg,de Bundesliga,24,759,8.4,6,18,3,1,2,3,1,0,0,0,DFFW,dd676a97
548,Timo Werner,2023-2024,27,de GER,RB Leipzig,de Bundesliga,8,207,2.3,2,6,4,2,0,2,1,1,1,0,FWMF,49fe9070
549,Silvan Widmer,2023-2024,30,ch SUI,Mainz 05,de Bundesliga,20,1242,13.8,13,7,5,1,3,4,1,0,0,0,DF,f68b64fc
550,Lasse Wilhelm,2023-2024,20,de GER,Mainz 05,de Bundesliga,0,,,0,0,4,,,,,,,,DF,ae016ec7
551,Patrick Wimmer,2023-2024,22,at AUT,Wolfsburg,de Bundesliga,14,589,6.5,8,6,4,2,0,2,2,0,0,0,FWMF,cb11b429
552,Jonas Wind,2023-2024,24,dk DEN,Wolfsburg,de Bundesliga,34,2651,29.5,31,3,0,11,7,18,11,0,1,1,FW,2077ae86
553,Frederik Winther,2023-2024,22,dk DEN,Augsburg,de Bundesliga,0,,,0,0,3,,,,,,,,DF,a1257b5e
554,Florian Wirtz,2023-2024,20,de GER,Leverkusen,de Bundesliga,32,2372,26.4,26,6,0,11,11,22,10,1,1,0,MF,e7fcf289
555,Maximilian Wittek,2023-2024,27,de GER,Bochum,de Bundesliga,21,1070,11.9,13,8,11,3,1,4,3,0,0,0,DFFW,edb2712b
556,Maximilian Wöber,2023-2024,25,at AUT,Gladbach,de Bundesliga,25,2066,23.0,24,1,0,2,3,5,2,0,0,0,DF,4b803b3c
557,Marius Wolf,2023-2024,28,de GER,Dortmund,de Bundesliga,22,1166,13.0,12,10,10,0,1,1,0,0,0,0,DF,fa661778
558,Nick Woltemade,2023-2024,21,de GER,Werder Bremen,de Bundesliga,30,1189,13.2,12,18,3,2,0,2,2,0,0,0,FWMF,7ca196eb
559,Jeong Woo-yeong,2023-2024,23,kr KOR,Stuttgart,de Bundesliga,26,633,7.0,5,21,0,2,3,5,2,0,0,0,MFFW,6190474d
560,Granit Xhaka,2023-2024,30,ch SUI,Leverkusen,de Bundesliga,33,2821,31.3,32,1,0,3,0,3,3,0,0,0,MF,e61b8aee
561,Dan-Axel Zagadou,2023-2024,24,fr FRA,Stuttgart,de Bundesliga,19,1453,16.1,16,3,0,1,0,1,1,0,0,0,DF,a4effc55
562,Bryan Zaragoza,2023-2024,22,es ESP,Bayern Munich,de Bundesliga,7,183,2.0,1,6,6,0,0,0,0,0,0,0,FWMF,a96103b2
563,Robin Zentner,2023-2024,28,de GER,Mainz 05,de Bundesliga,30,2700,30.0,30,0,0,0,0,0,0,0,0,0,GK,5c4bf6ba
564,Cedric Zesiger,2023-2024,25,ch SUI,Wolfsburg,de Bundesliga,23,1634,18.2,18,5,10,0,0,0,0,0,0,0,DF,2bab583c
565,Michael Zetterer,2023-2024,28,de GER,Werder Bremen,de Bundesliga,27,2430,27.0,27,0,7,0,0,0,0,0,0,0,GK,9b688ae1
566,Christoph Zimmermann,2023-2024,30,de GER,Darmstadt 98,de Bundesliga,19,1220,13.6,12,7,5,0,0,0,0,0,0,0,DF,2d5f03bf
567,Leopold Zingerle,2023-2024,29,de GER,RB Leipzig,de Bundesliga,0,,,0,0,10,,,,,,,,GK,bf9d9070
568,Simon Zoller,2023-2024,32,de GER,Bochum,de Bundesliga,1,45,0.5,0,1,0,0,0,0,0,0,0,0,FWMF,29f7cfd9
569,Lovro Zvonarek,2023-2024,18,hr CRO,Bayern Munich,de Bundesliga,5,163,1.8,1,4,9,1,0,1,1,0,0,0,FWMF,253bd2b3